frame_num,shot_num,crane,cross_fade,cut,dia_off_screen,dia_on_screen,dolly,face,faces,face_other,handheld,mm_cut,motion,mult_motion,pan_tilt,rack_focus,text,tracking,zoom,film
1,1,0,0,0,0,0,0,1,0,0,0,0,1,0,0,0,0,0,0,no_country_clip2
2,1,0,0,0,0,0,0,1,0,0,0,0,1,0,0,0,0,0,0,no_country_clip2
3,1,0,0,0,0,0,0,1,0,0,0,0,1,0,0,0,0,0,0,no_country_clip2
4,1,0,0,0,0,0,0,1,0,0,0,0,1,0,0,0,0,0,0,no_country_clip2
5,1,0,0,0,0,0,0,1,0,0,0,0,1,0,0,0,0,0,0,no_country_clip2
6,1,0,0,0,0,0,0,1,0,0,0,0,1,0,0,0,0,0,0,no_country_clip2
7,1,0,0,0,0,0,0,1,0,0,0,0,1,0,0,0,0,0,0,no_country_clip2
8,1,0,0,0,0,0,0,1,0,0,0,0,1,0,0,0,0,0,0,no_country_clip2
9,1,0,0,0,0,0,0,1,0,0,0,0,1,0,0,0,0,0,0,no_country_clip2
10,1,0,0,0,0,0,0,1,0,0,0,0,1,0,0,0,0,0,0,no_country_clip2
11,1,0,0,0,0,0,0,1,0,0,0,0,1,0,0,0,0,0,0,no_country_clip2
12,1,0,0,0,0,0,0,1,0,0,0,0,1,0,0,0,0,0,0,no_country_clip2
13,1,0,0,0,0,0,0,1,0,0,0,0,1,0,0,0,0,0,0,no_country_clip2
14,1,0,0,0,0,0,0,1,0,0,0,0,1,0,0,0,0,0,0,no_country_clip2
15,1,0,0,0,0,0,0,1,0,0,0,0,1,0,0,0,0,0,0,no_country_clip2
16,1,0,0,0,0,0,0,1,0,0,0,0,1,0,0,0,0,0,0,no_country_clip2
17,1,0,0,0,0,0,0,1,0,0,0,0,1,0,0,0,0,0,0,no_country_clip2
18,1,0,0,0,0,0,0,1,0,0,0,0,1,0,0,0,0,0,0,no_country_clip2
19,1,0,0,0,0,0,0,1,0,0,0,0,1,0,0,0,0,0,0,no_country_clip2
20,1,0,0,0,0,0,0,1,0,0,0,0,1,0,0,0,0,0,0,no_country_clip2
21,1,0,0,0,0,0,0,1,0,0,0,0,1,0,0,0,0,0,0,no_country_clip2
22,1,0,0,0,0,0,0,1,0,0,0,0,1,0,0,0,0,0,0,no_country_clip2
23,1,0,0,0,0,0,0,1,0,0,0,0,1,0,0,0,0,0,0,no_country_clip2
24,1,0,0,0,0,0,0,1,0,0,0,0,1,0,0,0,0,0,0,no_country_clip2
25,1,0,0,0,0,0,0,1,0,0,0,0,1,0,0,0,0,0,0,no_country_clip2
26,1,0,0,0,0,0,0,1,0,0,0,0,1,0,0,0,0,0,0,no_country_clip2
27,1,0,0,0,0,0,0,1,0,0,0,0,1,0,0,0,0,0,0,no_country_clip2
28,1,0,0,0,0,0,0,1,0,0,0,0,1,0,0,0,0,0,0,no_country_clip2
29,1,0,0,0,0,0,0,1,0,0,0,0,1,0,0,0,0,0,0,no_country_clip2
30,1,0,0,0,0,0,0,1,0,0,0,0,1,0,0,0,0,0,0,no_country_clip2
31,1,0,0,0,0,0,0,1,0,0,0,0,1,0,0,0,0,0,0,no_country_clip2
32,1,0,0,0,0,0,0,1,0,0,0,0,1,0,0,0,0,0,0,no_country_clip2
33,1,0,0,0,0,0,0,1,0,0,0,0,1,0,0,0,0,0,0,no_country_clip2
34,1,0,0,0,0,0,0,1,0,0,0,0,1,0,0,0,0,0,0,no_country_clip2
35,1,0,0,0,0,0,0,1,0,0,0,0,1,0,0,0,0,0,0,no_country_clip2
36,1,0,0,0,0,0,0,1,0,0,0,0,1,0,0,0,0,0,0,no_country_clip2
37,1,0,0,0,0,0,0,1,0,0,0,0,1,0,0,0,0,0,0,no_country_clip2
38,1,0,0,0,0,0,0,1,0,0,0,0,1,0,0,0,0,0,0,no_country_clip2
39,1,0,0,0,0,0,0,1,0,0,0,0,1,0,0,0,0,0,0,no_country_clip2
40,1,0,0,0,0,0,0,1,0,0,0,0,1,0,0,0,0,0,0,no_country_clip2
41,1,0,0,0,0,0,0,1,0,0,0,0,1,0,0,0,0,0,0,no_country_clip2
42,1,0,0,0,0,0,0,1,0,0,0,0,1,0,0,0,0,0,0,no_country_clip2
43,1,0,0,0,0,0,0,1,0,0,0,0,1,0,0,0,0,0,0,no_country_clip2
44,1,0,0,0,0,0,0,1,0,0,0,0,1,0,0,0,0,0,0,no_country_clip2
45,1,0,0,0,0,0,0,1,0,0,0,0,1,0,0,0,0,0,0,no_country_clip2
46,1,0,0,0,0,0,0,1,0,0,0,0,1,0,0,0,0,0,0,no_country_clip2
47,1,0,0,0,0,0,0,1,0,0,0,0,1,0,0,0,0,0,0,no_country_clip2
48,1,0,0,0,0,0,0,1,0,0,0,0,1,0,0,0,0,0,0,no_country_clip2
49,1,0,0,0,0,0,0,1,0,0,0,0,1,0,0,0,0,0,0,no_country_clip2
50,1,0,0,0,0,1,0,1,0,0,0,0,1,0,0,0,0,0,0,no_country_clip2
51,1,0,0,0,0,1,0,1,0,0,0,0,1,0,0,0,0,0,0,no_country_clip2
52,1,0,0,0,0,1,0,1,0,0,0,0,1,0,0,0,0,0,0,no_country_clip2
53,1,0,0,0,0,1,0,1,0,0,0,0,1,0,0,0,0,0,0,no_country_clip2
54,1,0,0,0,0,1,0,1,0,0,0,0,1,0,0,0,0,0,0,no_country_clip2
55,1,0,0,0,0,1,0,1,0,0,0,0,1,0,0,0,0,0,0,no_country_clip2
56,1,0,0,0,0,1,0,1,0,0,0,0,1,0,0,0,0,0,0,no_country_clip2
57,1,0,0,0,0,1,0,1,0,0,0,0,1,0,0,0,0,0,0,no_country_clip2
58,1,0,0,0,0,1,0,1,0,0,0,0,1,0,0,0,0,0,0,no_country_clip2
59,1,0,0,0,0,1,0,1,0,0,0,0,1,0,0,0,0,0,0,no_country_clip2
60,1,0,0,0,0,1,0,1,0,0,0,0,1,0,0,0,0,0,0,no_country_clip2
61,1,0,0,0,0,1,0,1,0,0,0,0,1,0,0,0,0,0,0,no_country_clip2
62,1,0,0,0,0,1,0,1,0,0,0,0,1,0,0,0,0,0,0,no_country_clip2
63,1,0,0,0,0,1,0,1,0,0,0,0,1,0,0,0,0,0,0,no_country_clip2
64,1,0,0,0,0,1,0,1,0,0,0,0,1,0,0,0,0,0,0,no_country_clip2
65,1,0,0,0,0,1,0,1,0,0,0,0,1,0,0,0,0,0,0,no_country_clip2
66,1,0,0,0,0,1,0,1,0,0,0,0,1,0,0,0,0,0,0,no_country_clip2
67,1,0,0,0,0,1,0,1,0,0,0,0,1,0,0,0,0,0,0,no_country_clip2
68,1,0,0,0,0,1,0,1,0,0,0,0,1,0,0,0,0,0,0,no_country_clip2
69,1,0,0,0,0,1,0,1,0,0,0,0,1,0,0,0,0,0,0,no_country_clip2
70,1,0,0,0,0,1,0,1,0,0,0,0,1,0,0,0,0,0,0,no_country_clip2
71,1,0,0,0,0,1,0,1,0,0,0,0,1,0,0,0,0,0,0,no_country_clip2
72,1,0,0,0,0,1,0,1,0,0,0,0,1,0,0,0,0,0,0,no_country_clip2
73,1,0,0,0,0,1,0,1,0,0,0,0,1,0,0,0,0,0,0,no_country_clip2
74,1,0,0,0,0,1,0,1,0,0,0,0,1,0,0,0,0,0,0,no_country_clip2
75,1,0,0,0,0,1,0,1,0,0,0,0,1,0,0,0,0,0,0,no_country_clip2
76,1,0,0,0,0,1,0,1,0,0,0,0,1,0,0,0,0,0,0,no_country_clip2
77,1,0,0,0,0,1,0,1,0,0,0,0,1,0,0,0,0,0,0,no_country_clip2
78,1,0,0,0,0,1,0,1,0,0,0,0,1,0,0,0,0,0,0,no_country_clip2
79,1,0,0,0,0,1,0,1,0,0,0,0,1,0,0,0,0,0,0,no_country_clip2
80,1,0,0,0,0,1,0,1,0,0,0,0,1,0,0,0,0,0,0,no_country_clip2
81,1,0,0,0,0,1,0,1,0,0,0,0,1,0,0,0,0,0,0,no_country_clip2
82,1,0,0,0,0,1,0,1,0,0,0,0,1,0,0,0,0,0,0,no_country_clip2
83,1,0,0,0,0,1,0,1,0,0,0,0,1,0,0,0,0,0,0,no_country_clip2
84,1,0,0,0,0,1,0,1,0,0,0,0,1,0,0,0,0,0,0,no_country_clip2
85,1,0,0,0,0,1,0,1,0,0,0,0,0,0,0,0,0,0,0,no_country_clip2
86,1,0,0,0,0,1,0,1,0,0,0,0,0,0,0,0,0,0,0,no_country_clip2
87,1,0,0,0,0,1,0,1,0,0,0,0,0,0,0,0,0,0,0,no_country_clip2
88,1,0,0,0,0,1,0,1,0,0,0,0,0,0,0,0,0,0,0,no_country_clip2
89,1,0,0,0,0,1,0,1,0,0,0,0,0,0,0,0,0,0,0,no_country_clip2
90,1,0,0,0,0,1,0,1,0,0,0,0,0,0,0,0,0,0,0,no_country_clip2
91,1,0,0,0,0,1,0,1,0,0,0,0,0,0,0,0,0,0,0,no_country_clip2
92,1,0,0,0,0,1,0,1,0,0,0,0,0,0,0,0,0,0,0,no_country_clip2
93,1,0,0,0,0,1,0,1,0,0,0,0,0,0,0,0,0,0,0,no_country_clip2
94,1,0,0,0,0,1,0,1,0,0,0,0,0,0,0,0,0,0,0,no_country_clip2
95,1,0,0,0,0,1,0,1,0,0,0,0,0,0,0,0,0,0,0,no_country_clip2
96,1,0,0,0,0,1,0,1,0,0,0,0,0,0,0,0,0,0,0,no_country_clip2
97,1,0,0,0,0,1,0,1,0,0,0,0,0,0,0,0,0,0,0,no_country_clip2
98,1,0,0,0,0,1,0,1,0,0,0,0,0,0,0,0,0,0,0,no_country_clip2
99,1,0,0,0,0,1,0,1,0,0,0,0,0,0,0,0,0,0,0,no_country_clip2
100,1,0,0,0,0,1,0,1,0,0,0,0,0,0,0,0,0,0,0,no_country_clip2
101,1,0,0,0,0,1,0,1,0,0,0,0,0,0,0,0,0,0,0,no_country_clip2
102,1,0,0,0,0,1,0,1,0,0,0,0,0,0,0,0,0,0,0,no_country_clip2
103,1,0,0,0,0,1,0,1,0,0,0,0,0,0,0,0,0,0,0,no_country_clip2
104,1,0,0,0,0,1,0,1,0,0,0,0,0,0,0,0,0,0,0,no_country_clip2
105,1,0,0,0,0,1,0,1,0,0,0,0,0,0,0,0,0,0,0,no_country_clip2
106,1,0,0,0,0,1,0,1,0,0,0,0,0,0,0,0,0,0,0,no_country_clip2
107,1,0,0,0,0,1,0,1,0,0,0,0,0,0,0,0,0,0,0,no_country_clip2
108,1,0,0,0,0,0,0,1,0,0,0,0,0,0,0,0,0,0,0,no_country_clip2
109,1,0,0,0,0,0,0,1,0,0,0,0,0,0,0,0,0,0,0,no_country_clip2
110,1,0,0,0,1,0,0,1,0,0,0,0,0,0,0,0,0,0,0,no_country_clip2
111,1,0,0,0,1,0,0,1,0,0,0,0,0,0,0,0,0,0,0,no_country_clip2
112,1,0,0,0,1,0,0,1,0,0,0,0,0,0,0,0,0,0,0,no_country_clip2
113,1,0,0,0,1,0,0,1,0,0,0,0,0,0,0,0,0,0,0,no_country_clip2
114,1,0,0,0,1,0,0,1,0,0,0,0,0,0,0,0,0,0,0,no_country_clip2
115,1,0,0,0,1,0,0,1,0,0,0,0,0,0,0,0,0,0,0,no_country_clip2
116,1,0,0,0,1,0,0,1,0,0,0,0,0,0,0,0,0,0,0,no_country_clip2
117,1,0,0,0,1,0,0,1,0,0,0,0,0,0,0,0,0,0,0,no_country_clip2
118,1,0,0,0,1,0,0,1,0,0,0,0,0,0,0,0,0,0,0,no_country_clip2
119,1,0,0,0,1,0,0,1,0,0,0,0,0,0,0,0,0,0,0,no_country_clip2
120,1,0,0,0,1,0,0,1,0,0,0,0,0,0,0,0,0,0,0,no_country_clip2
121,1,0,0,0,1,0,0,1,0,0,0,0,0,0,0,0,0,0,0,no_country_clip2
122,1,0,0,0,1,0,0,1,0,0,0,0,0,0,0,0,0,0,0,no_country_clip2
123,1,0,0,0,1,0,0,1,0,0,0,0,0,0,0,0,0,0,0,no_country_clip2
124,1,0,0,0,1,0,0,1,0,0,0,0,0,0,0,0,0,0,0,no_country_clip2
125,1,0,0,0,1,0,0,1,0,0,0,0,0,0,0,0,0,0,0,no_country_clip2
126,1,0,0,0,1,0,0,1,0,0,0,0,0,0,0,0,0,0,0,no_country_clip2
127,1,0,0,0,0,0,0,1,0,0,0,0,0,0,0,0,0,0,0,no_country_clip2
128,1,0,0,0,0,0,0,1,0,0,0,0,0,0,0,0,0,0,0,no_country_clip2
129,1,0,0,0,0,0,0,1,0,0,0,0,0,0,0,0,0,0,0,no_country_clip2
130,1,0,0,0,0,0,0,1,0,0,0,0,0,0,0,0,0,0,0,no_country_clip2
131,1,0,0,0,0,0,0,1,0,0,0,0,0,0,0,0,0,0,0,no_country_clip2
132,1,0,0,0,0,0,0,1,0,0,0,0,0,0,0,0,0,0,0,no_country_clip2
133,1,0,0,0,0,0,0,1,0,0,0,0,0,0,0,0,0,0,0,no_country_clip2
134,1,0,0,0,0,0,0,1,0,0,0,0,0,0,0,0,0,0,0,no_country_clip2
135,1,0,0,0,0,0,0,1,0,0,0,0,0,0,0,0,0,0,0,no_country_clip2
136,1,0,0,0,0,0,0,1,0,0,0,0,0,0,0,0,0,0,0,no_country_clip2
137,1,0,0,0,0,0,0,1,0,0,0,0,0,0,0,0,0,0,0,no_country_clip2
138,1,0,0,0,0,0,0,1,0,0,0,0,0,0,0,0,0,0,0,no_country_clip2
139,1,0,0,0,0,1,0,1,0,0,0,0,0,0,0,0,0,0,0,no_country_clip2
140,1,0,0,0,0,1,0,1,0,0,0,0,0,0,0,0,0,0,0,no_country_clip2
141,1,0,0,0,0,1,0,1,0,0,0,0,0,0,0,0,0,0,0,no_country_clip2
142,1,0,0,0,0,1,0,1,0,0,0,0,0,0,0,0,0,0,0,no_country_clip2
143,1,0,0,0,0,1,0,1,0,0,0,0,0,0,0,0,0,0,0,no_country_clip2
144,1,0,0,0,0,1,0,1,0,0,0,0,0,0,0,0,0,0,0,no_country_clip2
145,1,0,0,0,0,1,0,1,0,0,0,0,0,0,0,0,0,0,0,no_country_clip2
146,1,0,0,0,0,1,0,1,0,0,0,0,0,0,0,0,0,0,0,no_country_clip2
147,1,0,0,0,0,1,0,1,0,0,0,0,0,0,0,0,0,0,0,no_country_clip2
148,1,0,0,0,0,1,0,1,0,0,0,0,0,0,0,0,0,0,0,no_country_clip2
149,1,0,0,0,0,1,0,1,0,0,0,0,0,0,0,0,0,0,0,no_country_clip2
150,1,0,0,0,0,1,0,1,0,0,0,0,0,0,0,0,0,0,0,no_country_clip2
151,1,0,0,0,0,1,0,1,0,0,0,0,0,0,0,0,0,0,0,no_country_clip2
152,1,0,0,0,0,1,0,1,0,0,0,0,0,0,0,0,0,0,0,no_country_clip2
153,1,0,0,0,0,1,0,1,0,0,0,0,0,0,0,0,0,0,0,no_country_clip2
154,1,0,0,0,0,1,0,1,0,0,0,0,0,0,0,0,0,0,0,no_country_clip2
155,1,0,0,0,0,1,0,1,0,0,0,0,0,0,0,0,0,0,0,no_country_clip2
156,1,0,0,0,0,1,0,1,0,0,0,0,0,0,0,0,0,0,0,no_country_clip2
157,1,0,0,0,0,1,0,1,0,0,0,0,0,0,0,0,0,0,0,no_country_clip2
158,1,0,0,1,0,1,0,0,0,0,0,0,0,0,0,0,0,0,0,no_country_clip2
159,2,0,0,1,0,1,0,1,0,0,0,0,0,0,0,0,0,0,0,no_country_clip2
160,2,0,0,0,0,1,0,1,0,0,0,0,0,0,0,0,0,0,0,no_country_clip2
161,2,0,0,0,0,1,0,1,0,0,0,0,0,0,0,0,0,0,0,no_country_clip2
162,2,0,0,0,0,0,0,1,0,0,0,0,0,0,0,0,0,0,0,no_country_clip2
163,2,0,0,0,0,0,0,1,0,0,0,0,0,0,0,0,0,0,0,no_country_clip2
164,2,0,0,0,0,0,0,1,0,0,0,0,0,0,0,0,0,0,0,no_country_clip2
165,2,0,0,0,0,0,0,1,0,0,0,0,0,0,0,0,0,0,0,no_country_clip2
166,2,0,0,0,0,0,0,1,0,0,0,0,0,0,0,0,0,0,0,no_country_clip2
167,2,0,0,0,0,0,0,1,0,0,0,0,0,0,0,0,0,0,0,no_country_clip2
168,2,0,0,0,0,0,0,1,0,0,0,0,0,0,0,0,0,0,0,no_country_clip2
169,2,0,0,0,0,0,0,1,0,0,0,0,0,0,0,0,0,0,0,no_country_clip2
170,2,0,0,0,0,0,0,1,0,0,0,0,0,0,0,0,0,0,0,no_country_clip2
171,2,0,0,0,0,0,0,1,0,0,0,0,0,0,0,0,0,0,0,no_country_clip2
172,2,0,0,0,0,0,0,1,0,0,0,0,0,0,0,0,0,0,0,no_country_clip2
173,2,0,0,0,0,0,0,1,0,0,0,0,0,0,0,0,0,0,0,no_country_clip2
174,2,0,0,0,0,0,0,1,0,0,0,0,0,0,0,0,0,0,0,no_country_clip2
175,2,0,0,0,0,0,0,1,0,0,0,0,0,0,0,0,0,0,0,no_country_clip2
176,2,0,0,0,0,0,0,1,0,0,0,0,0,0,0,0,0,0,0,no_country_clip2
177,2,0,0,0,0,0,0,1,0,0,0,0,0,0,0,0,0,0,0,no_country_clip2
178,2,0,0,0,0,0,0,1,0,0,0,0,0,0,0,0,0,0,0,no_country_clip2
179,2,0,0,0,0,0,0,1,0,0,0,0,0,0,0,0,0,0,0,no_country_clip2
180,2,0,0,0,0,0,0,1,0,0,0,0,0,0,0,0,0,0,0,no_country_clip2
181,2,0,0,0,0,0,0,1,0,0,0,0,0,0,0,0,0,0,0,no_country_clip2
182,2,0,0,0,0,0,0,1,0,0,0,0,0,0,0,0,0,0,0,no_country_clip2
183,2,0,0,0,0,0,0,1,0,0,0,0,0,0,0,0,0,0,0,no_country_clip2
184,2,0,0,0,0,0,0,1,0,0,0,0,0,0,0,0,0,0,0,no_country_clip2
185,2,0,0,0,0,0,0,1,0,0,0,0,0,0,0,0,0,0,0,no_country_clip2
186,2,0,0,0,0,0,0,1,0,0,0,0,0,0,0,0,0,0,0,no_country_clip2
187,2,0,0,0,0,0,0,1,0,0,0,0,0,0,0,0,0,0,0,no_country_clip2
188,2,0,0,0,0,0,0,1,0,0,0,0,0,0,0,0,0,0,0,no_country_clip2
189,2,0,0,0,0,0,0,1,0,0,0,0,0,0,0,0,0,0,0,no_country_clip2
190,2,0,0,0,0,0,0,1,0,0,0,0,0,0,0,0,0,0,0,no_country_clip2
191,2,0,0,0,0,0,0,1,0,0,0,0,0,0,0,0,0,0,0,no_country_clip2
192,2,0,0,0,0,0,0,1,0,0,0,0,0,0,0,0,0,0,0,no_country_clip2
193,2,0,0,0,0,0,0,1,0,0,0,0,0,0,0,0,0,0,0,no_country_clip2
194,2,0,0,0,0,0,0,1,0,0,0,0,0,0,0,0,0,0,0,no_country_clip2
195,2,0,0,0,0,0,0,1,0,0,0,0,0,0,0,0,0,0,0,no_country_clip2
196,2,0,0,0,0,0,0,1,0,0,0,0,0,0,0,0,0,0,0,no_country_clip2
197,2,0,0,0,0,0,0,1,0,0,0,0,0,0,0,0,0,0,0,no_country_clip2
198,2,0,0,0,0,0,0,1,0,0,0,0,0,0,0,0,0,0,0,no_country_clip2
199,2,0,0,0,0,0,0,1,0,0,0,0,0,0,0,0,0,0,0,no_country_clip2
200,2,0,0,0,0,1,0,1,0,0,0,0,0,0,0,0,0,0,0,no_country_clip2
201,2,0,0,0,0,1,0,1,0,0,0,0,0,0,0,0,0,0,0,no_country_clip2
202,2,0,0,0,0,1,0,1,0,0,0,0,0,0,0,0,0,0,0,no_country_clip2
203,2,0,0,0,0,1,0,1,0,0,0,0,0,0,0,0,0,0,0,no_country_clip2
204,2,0,0,0,0,1,0,1,0,0,0,0,0,0,0,0,0,0,0,no_country_clip2
205,2,0,0,0,0,1,0,1,0,0,0,0,0,0,0,0,0,0,0,no_country_clip2
206,2,0,0,0,0,1,0,1,0,0,0,0,0,0,0,0,0,0,0,no_country_clip2
207,2,0,0,0,0,1,0,1,0,0,0,0,0,0,0,0,0,0,0,no_country_clip2
208,2,0,0,0,0,1,0,1,0,0,0,0,0,0,0,0,0,0,0,no_country_clip2
209,2,0,0,0,0,1,0,1,0,0,0,0,0,0,0,0,0,0,0,no_country_clip2
210,2,0,0,0,0,1,0,1,0,0,0,0,0,0,0,0,0,0,0,no_country_clip2
211,2,0,0,0,0,1,0,1,0,0,0,0,0,0,0,0,0,0,0,no_country_clip2
212,2,0,0,0,0,1,0,1,0,0,0,0,0,0,0,0,0,0,0,no_country_clip2
213,2,0,0,0,0,1,0,1,0,0,0,0,0,0,0,0,0,0,0,no_country_clip2
214,2,0,0,0,0,1,0,1,0,0,0,0,0,0,0,0,0,0,0,no_country_clip2
215,2,0,0,0,0,1,0,1,0,0,0,0,0,0,0,0,0,0,0,no_country_clip2
216,2,0,0,0,0,1,0,1,0,0,0,0,0,0,0,0,0,0,0,no_country_clip2
217,2,0,0,0,0,1,0,1,0,0,0,0,0,0,0,0,0,0,0,no_country_clip2
218,2,0,0,0,0,1,0,1,0,0,0,0,0,0,0,0,0,0,0,no_country_clip2
219,2,0,0,0,0,1,0,1,0,0,0,0,0,0,0,0,0,0,0,no_country_clip2
220,2,0,0,0,0,1,0,1,0,0,0,0,0,0,0,0,0,0,0,no_country_clip2
221,2,0,0,0,0,1,0,1,0,0,0,0,0,0,0,0,0,0,0,no_country_clip2
222,2,0,0,0,0,1,0,1,0,0,0,0,0,0,0,0,0,0,0,no_country_clip2
223,2,0,0,1,0,1,0,1,0,0,0,0,0,0,0,0,0,0,0,no_country_clip2
224,3,0,0,1,0,1,0,1,0,0,0,0,0,0,0,0,0,0,0,no_country_clip2
225,3,0,0,0,0,1,0,1,0,0,0,0,0,0,0,0,0,0,0,no_country_clip2
226,3,0,0,0,0,1,0,1,0,0,0,0,0,0,0,0,0,0,0,no_country_clip2
227,3,0,0,0,0,1,0,1,0,0,0,0,0,0,0,0,0,0,0,no_country_clip2
228,3,0,0,0,0,1,0,1,0,0,0,0,0,0,0,0,0,0,0,no_country_clip2
229,3,0,0,0,0,1,0,1,0,0,0,0,0,0,0,0,0,0,0,no_country_clip2
230,3,0,0,0,0,1,0,1,0,0,0,0,0,0,0,0,0,0,0,no_country_clip2
231,3,0,0,0,0,1,0,1,0,0,0,0,0,0,0,0,0,0,0,no_country_clip2
232,3,0,0,0,0,1,0,1,0,0,0,0,0,0,0,0,0,0,0,no_country_clip2
233,3,0,0,0,0,1,0,1,0,0,0,0,0,0,0,0,0,0,0,no_country_clip2
234,3,0,0,0,0,1,0,1,0,0,0,0,0,0,0,0,0,0,0,no_country_clip2
235,3,0,0,0,0,1,0,1,0,0,0,0,0,0,0,0,0,0,0,no_country_clip2
236,3,0,0,0,0,1,0,1,0,0,0,0,0,0,0,0,0,0,0,no_country_clip2
237,3,0,0,0,0,1,0,1,0,0,0,0,0,0,0,0,0,0,0,no_country_clip2
238,3,0,0,0,0,1,0,1,0,0,0,0,0,0,0,0,0,0,0,no_country_clip2
239,3,0,0,0,0,1,0,1,0,0,0,0,0,0,0,0,0,0,0,no_country_clip2
240,3,0,0,0,0,1,0,1,0,0,0,0,0,0,0,0,0,0,0,no_country_clip2
241,3,0,0,0,0,1,0,1,0,0,0,0,0,0,0,0,0,0,0,no_country_clip2
242,3,0,0,0,0,1,0,1,0,0,0,0,0,0,0,0,0,0,0,no_country_clip2
243,3,0,0,0,0,1,0,1,0,0,0,0,0,0,0,0,0,0,0,no_country_clip2
244,3,0,0,0,0,1,0,1,0,0,0,0,0,0,0,0,0,0,0,no_country_clip2
245,3,0,0,0,0,1,0,1,0,0,0,0,0,0,0,0,0,0,0,no_country_clip2
246,3,0,0,0,0,1,0,1,0,0,0,0,0,0,0,0,0,0,0,no_country_clip2
247,3,0,0,0,0,1,0,1,0,0,0,0,0,0,0,0,0,0,0,no_country_clip2
248,3,0,0,0,0,1,0,1,0,0,0,0,0,0,0,0,0,0,0,no_country_clip2
249,3,0,0,0,0,1,0,1,0,0,0,0,0,0,0,0,0,0,0,no_country_clip2
250,3,0,0,0,0,1,0,1,0,0,0,0,0,0,0,0,0,0,0,no_country_clip2
251,3,0,0,0,0,0,0,1,0,0,0,0,0,0,0,0,0,0,0,no_country_clip2
252,3,0,0,0,0,0,0,1,0,0,0,0,0,0,0,0,0,0,0,no_country_clip2
253,3,0,0,0,0,0,0,1,0,0,0,0,0,0,0,0,0,0,0,no_country_clip2
254,3,0,0,0,0,0,0,1,0,0,0,0,0,0,0,0,0,0,0,no_country_clip2
255,3,0,0,0,0,0,0,1,0,0,0,0,0,0,0,0,0,0,0,no_country_clip2
256,3,0,0,0,0,0,0,1,0,0,0,0,0,0,0,0,0,0,0,no_country_clip2
257,3,0,0,0,0,0,0,1,0,0,0,0,0,0,0,0,0,0,0,no_country_clip2
258,3,0,0,0,0,0,0,1,0,0,0,0,0,0,0,0,0,0,0,no_country_clip2
259,3,0,0,0,0,0,0,1,0,0,0,0,0,0,0,0,0,0,0,no_country_clip2
260,3,0,0,0,0,0,0,1,0,0,0,0,0,0,0,0,0,0,0,no_country_clip2
261,3,0,0,0,0,0,0,1,0,0,0,0,0,0,0,0,0,0,0,no_country_clip2
262,3,0,0,0,0,0,0,1,0,0,0,0,0,0,0,0,0,0,0,no_country_clip2
263,3,0,0,0,0,0,0,1,0,0,0,0,0,0,0,0,0,0,0,no_country_clip2
264,3,0,0,0,0,0,0,1,0,0,0,0,0,0,0,0,0,0,0,no_country_clip2
265,3,0,0,0,0,0,0,1,0,0,0,0,0,0,0,0,0,0,0,no_country_clip2
266,3,0,0,0,0,0,0,1,0,0,0,0,0,0,0,0,0,0,0,no_country_clip2
267,3,0,0,0,0,0,0,1,0,0,0,0,0,0,0,0,0,0,0,no_country_clip2
268,3,0,0,0,0,0,0,1,0,0,0,0,0,0,0,0,0,0,0,no_country_clip2
269,3,0,0,0,0,0,0,1,0,0,0,0,0,0,0,0,0,0,0,no_country_clip2
270,3,0,0,0,0,0,0,1,0,0,0,0,0,0,0,0,0,0,0,no_country_clip2
271,3,0,0,0,0,0,0,1,0,0,0,0,0,0,0,0,0,0,0,no_country_clip2
272,3,0,0,0,0,0,0,1,0,0,0,0,0,0,0,0,0,0,0,no_country_clip2
273,3,0,0,0,0,0,0,1,0,0,0,0,0,0,0,0,0,0,0,no_country_clip2
274,3,0,0,0,0,0,0,1,0,0,0,0,0,0,0,0,0,0,0,no_country_clip2
275,3,0,0,0,0,0,0,1,0,0,0,0,0,0,0,0,0,0,0,no_country_clip2
276,3,0,0,0,0,0,0,1,0,0,0,0,0,0,0,0,0,0,0,no_country_clip2
277,3,0,0,0,0,0,0,1,0,0,0,0,0,0,0,0,0,0,0,no_country_clip2
278,3,0,0,0,0,0,0,1,0,0,0,0,0,0,0,0,0,0,0,no_country_clip2
279,3,0,0,0,0,0,0,1,0,0,0,0,0,0,0,0,0,0,0,no_country_clip2
280,3,0,0,0,0,0,0,1,0,0,0,0,0,0,0,0,0,0,0,no_country_clip2
281,3,0,0,0,0,0,0,1,0,0,0,0,0,0,0,0,0,0,0,no_country_clip2
282,3,0,0,0,0,0,0,1,0,0,0,0,0,0,0,0,0,0,0,no_country_clip2
283,3,0,0,0,0,0,0,1,0,0,0,0,0,0,0,0,0,0,0,no_country_clip2
284,3,0,0,0,0,0,0,1,0,0,0,0,0,0,0,0,0,0,0,no_country_clip2
285,3,0,0,0,1,0,0,1,0,0,0,0,0,0,0,0,0,0,0,no_country_clip2
286,3,0,0,0,1,0,0,1,0,0,0,0,0,0,0,0,0,0,0,no_country_clip2
287,3,0,0,0,1,0,0,1,0,0,0,0,0,0,0,0,0,0,0,no_country_clip2
288,3,0,0,0,1,0,0,1,0,0,0,0,0,0,0,0,0,0,0,no_country_clip2
289,3,0,0,0,1,0,0,1,0,0,0,0,0,0,0,0,0,0,0,no_country_clip2
290,3,0,0,0,1,0,0,1,0,0,0,0,0,0,0,0,0,0,0,no_country_clip2
291,3,0,0,0,1,0,0,1,0,0,0,0,0,0,0,0,0,0,0,no_country_clip2
292,3,0,0,0,1,0,0,1,0,0,0,0,0,0,0,0,0,0,0,no_country_clip2
293,3,0,0,0,1,0,0,1,0,0,0,0,0,0,0,0,0,0,0,no_country_clip2
294,3,0,0,0,1,0,0,1,0,0,0,0,0,0,0,0,0,0,0,no_country_clip2
295,3,0,0,0,1,0,0,1,0,0,0,0,0,0,0,0,0,0,0,no_country_clip2
296,3,0,0,0,1,0,0,1,0,0,0,0,0,0,0,0,0,0,0,no_country_clip2
297,3,0,0,0,1,0,0,1,0,0,0,0,0,0,0,0,0,0,0,no_country_clip2
298,3,0,0,0,1,0,0,1,0,0,0,0,0,0,0,0,0,0,0,no_country_clip2
299,3,0,0,0,1,0,0,1,0,0,0,0,0,0,0,0,0,0,0,no_country_clip2
300,3,0,0,0,1,0,0,1,0,0,0,0,0,0,0,0,0,0,0,no_country_clip2
301,3,0,0,0,1,0,0,1,0,0,0,0,0,0,0,0,0,0,0,no_country_clip2
302,3,0,0,0,1,0,0,1,0,0,0,0,0,0,0,0,0,0,0,no_country_clip2
303,3,0,0,0,1,0,0,1,0,0,0,0,0,0,0,0,0,0,0,no_country_clip2
304,3,0,0,0,1,0,0,1,0,0,0,0,0,0,0,0,0,0,0,no_country_clip2
305,3,0,0,0,1,0,0,1,0,0,0,0,0,0,0,0,0,0,0,no_country_clip2
306,3,0,0,0,1,0,0,1,0,0,0,0,0,0,0,0,0,0,0,no_country_clip2
307,3,0,0,0,1,0,0,1,0,0,0,0,0,0,0,0,0,0,0,no_country_clip2
308,3,0,0,0,1,0,0,1,0,0,0,0,0,0,0,0,0,0,0,no_country_clip2
309,3,0,0,0,1,0,0,1,0,0,0,0,0,0,0,0,0,0,0,no_country_clip2
310,3,0,0,0,1,0,0,1,0,0,0,0,0,0,0,0,0,0,0,no_country_clip2
311,3,0,0,0,1,0,0,1,0,0,0,0,0,0,0,0,0,0,0,no_country_clip2
312,3,0,0,0,1,0,0,1,0,0,0,0,0,0,0,0,0,0,0,no_country_clip2
313,3,0,0,0,1,0,0,1,0,0,0,0,0,0,0,0,0,0,0,no_country_clip2
314,3,0,0,0,1,0,0,1,0,0,0,0,0,0,0,0,0,0,0,no_country_clip2
315,3,0,0,0,1,0,0,1,0,0,0,0,0,0,0,0,0,0,0,no_country_clip2
316,3,0,0,1,0,1,0,1,0,0,0,0,0,0,0,0,0,0,0,no_country_clip2
317,4,0,0,1,0,1,0,1,0,0,0,0,0,0,0,0,0,0,0,no_country_clip2
318,4,0,0,0,0,1,0,1,0,0,0,0,0,0,0,0,0,0,0,no_country_clip2
319,4,0,0,0,0,1,0,1,0,0,0,0,0,0,0,0,0,0,0,no_country_clip2
320,4,0,0,0,0,1,0,1,0,0,0,0,0,0,0,0,0,0,0,no_country_clip2
321,4,0,0,0,0,1,0,1,0,0,0,0,0,0,0,0,0,0,0,no_country_clip2
322,4,0,0,0,0,1,0,1,0,0,0,0,0,0,0,0,0,0,0,no_country_clip2
323,4,0,0,0,0,1,0,1,0,0,0,0,0,0,0,0,0,0,0,no_country_clip2
324,4,0,0,0,0,1,0,1,0,0,0,0,0,0,0,0,0,0,0,no_country_clip2
325,4,0,0,0,0,1,0,1,0,0,0,0,0,0,0,0,0,0,0,no_country_clip2
326,4,0,0,0,0,1,0,1,0,0,0,0,0,0,0,0,0,0,0,no_country_clip2
327,4,0,0,0,0,1,0,1,0,0,0,0,0,0,0,0,0,0,0,no_country_clip2
328,4,0,0,0,0,1,0,1,0,0,0,0,0,0,0,0,0,0,0,no_country_clip2
329,4,0,0,0,0,1,0,1,0,0,0,0,0,0,0,0,0,0,0,no_country_clip2
330,4,0,0,0,0,1,0,1,0,0,0,0,0,0,0,0,0,0,0,no_country_clip2
331,4,0,0,0,0,1,0,1,0,0,0,0,0,0,0,0,0,0,0,no_country_clip2
332,4,0,0,0,0,1,0,1,0,0,0,0,0,0,0,0,0,0,0,no_country_clip2
333,4,0,0,0,0,1,0,1,0,0,0,0,0,0,0,0,0,0,0,no_country_clip2
334,4,0,0,0,0,1,0,1,0,0,0,0,0,0,0,0,0,0,0,no_country_clip2
335,4,0,0,0,0,1,0,1,0,0,0,0,0,0,0,0,0,0,0,no_country_clip2
336,4,0,0,0,0,1,0,1,0,0,0,0,0,0,0,0,0,0,0,no_country_clip2
337,4,0,0,0,0,1,0,1,0,0,0,0,0,0,0,0,0,0,0,no_country_clip2
338,4,0,0,0,0,1,0,1,0,0,0,0,0,0,0,0,0,0,0,no_country_clip2
339,4,0,0,0,0,1,0,1,0,0,0,0,0,0,0,0,0,0,0,no_country_clip2
340,4,0,0,0,0,1,0,1,0,0,0,0,0,0,0,0,0,0,0,no_country_clip2
341,4,0,0,0,0,1,0,1,0,0,0,0,0,0,0,0,0,0,0,no_country_clip2
342,4,0,0,0,0,1,0,1,0,0,0,0,0,0,0,0,0,0,0,no_country_clip2
343,4,0,0,0,0,1,0,1,0,0,0,0,0,0,0,0,0,0,0,no_country_clip2
344,4,0,0,0,0,1,0,1,0,0,0,0,0,0,0,0,0,0,0,no_country_clip2
345,4,0,0,0,0,1,0,1,0,0,0,0,0,0,0,0,0,0,0,no_country_clip2
346,4,0,0,0,0,1,0,1,0,0,0,0,0,0,0,0,0,0,0,no_country_clip2
347,4,0,0,0,0,1,0,1,0,0,0,0,0,0,0,0,0,0,0,no_country_clip2
348,4,0,0,0,0,1,0,1,0,0,0,0,0,0,0,0,0,0,0,no_country_clip2
349,4,0,0,0,0,1,0,1,0,0,0,0,0,0,0,0,0,0,0,no_country_clip2
350,4,0,0,0,0,1,0,1,0,0,0,0,0,0,0,0,0,0,0,no_country_clip2
351,4,0,0,0,0,1,0,1,0,0,0,0,0,0,0,0,0,0,0,no_country_clip2
352,4,0,0,0,0,1,0,1,0,0,0,0,0,0,0,0,0,0,0,no_country_clip2
353,4,0,0,0,0,1,0,1,0,0,0,0,0,0,0,0,0,0,0,no_country_clip2
354,4,0,0,0,0,1,0,1,0,0,0,0,0,0,0,0,0,0,0,no_country_clip2
355,4,0,0,0,0,1,0,1,0,0,0,0,0,0,0,0,0,0,0,no_country_clip2
356,4,0,0,0,0,1,0,1,0,0,0,0,0,0,0,0,0,0,0,no_country_clip2
357,4,0,0,0,0,1,0,1,0,0,0,0,0,0,0,0,0,0,0,no_country_clip2
358,4,0,0,0,0,1,0,1,0,0,0,0,0,0,0,0,0,0,0,no_country_clip2
359,4,0,0,0,0,1,0,1,0,0,0,0,0,0,0,0,0,0,0,no_country_clip2
360,4,0,0,0,0,1,0,1,0,0,0,0,0,0,0,0,0,0,0,no_country_clip2
361,4,0,0,0,0,1,0,1,0,0,0,0,0,0,0,0,0,0,0,no_country_clip2
362,4,0,0,0,0,1,0,1,0,0,0,0,0,0,0,0,0,0,0,no_country_clip2
363,4,0,0,0,0,1,0,1,0,0,0,0,0,0,0,0,0,0,0,no_country_clip2
364,4,0,0,0,0,1,0,1,0,0,0,0,0,0,0,0,0,0,0,no_country_clip2
365,4,0,0,0,0,1,0,1,0,0,0,0,0,0,0,0,0,0,0,no_country_clip2
366,4,0,0,0,0,1,0,1,0,0,0,0,0,0,0,0,0,0,0,no_country_clip2
367,4,0,0,0,0,1,0,1,0,0,0,0,0,0,0,0,0,0,0,no_country_clip2
368,4,0,0,0,0,1,0,1,0,0,0,0,0,0,0,0,0,0,0,no_country_clip2
369,4,0,0,0,0,1,0,1,0,0,0,0,0,0,0,0,0,0,0,no_country_clip2
370,4,0,0,0,0,1,0,1,0,0,0,0,0,0,0,0,0,0,0,no_country_clip2
371,4,0,0,0,0,1,0,1,0,0,0,0,0,0,0,0,0,0,0,no_country_clip2
372,4,0,0,0,0,1,0,1,0,0,0,0,0,0,0,0,0,0,0,no_country_clip2
373,4,0,0,0,0,1,0,1,0,0,0,0,0,0,0,0,0,0,0,no_country_clip2
374,4,0,0,0,0,1,0,1,0,0,0,0,0,0,0,0,0,0,0,no_country_clip2
375,4,0,0,0,0,1,0,1,0,0,0,0,0,0,0,0,0,0,0,no_country_clip2
376,4,0,0,0,0,1,0,1,0,0,0,0,0,0,0,0,0,0,0,no_country_clip2
377,4,0,0,0,0,1,0,1,0,0,0,0,0,0,0,0,0,0,0,no_country_clip2
378,4,0,0,0,0,1,0,1,0,0,0,0,0,0,0,0,0,0,0,no_country_clip2
379,4,0,0,0,0,1,0,1,0,0,0,0,0,0,0,0,0,0,0,no_country_clip2
380,4,0,0,0,0,1,0,1,0,0,0,0,0,0,0,0,0,0,0,no_country_clip2
381,4,0,0,0,0,1,0,1,0,0,0,0,0,0,0,0,0,0,0,no_country_clip2
382,4,0,0,0,0,1,0,1,0,0,0,0,0,0,0,0,0,0,0,no_country_clip2
383,4,0,0,0,0,1,0,1,0,0,0,0,0,0,0,0,0,0,0,no_country_clip2
384,4,0,0,0,0,1,0,1,0,0,0,0,0,0,0,0,0,0,0,no_country_clip2
385,4,0,0,0,0,1,0,1,0,0,0,0,0,0,0,0,0,0,0,no_country_clip2
386,4,0,0,0,0,1,0,1,0,0,0,0,0,0,0,0,0,0,0,no_country_clip2
387,4,0,0,0,0,1,0,1,0,0,0,0,0,0,0,0,0,0,0,no_country_clip2
388,4,0,0,0,0,1,0,1,0,0,0,0,0,0,0,0,0,0,0,no_country_clip2
389,4,0,0,0,0,1,0,1,0,0,0,0,0,0,0,0,0,0,0,no_country_clip2
390,4,0,0,0,0,1,0,1,0,0,0,0,0,0,0,0,0,0,0,no_country_clip2
391,4,0,0,0,0,0,0,1,0,0,0,0,0,0,0,0,0,0,0,no_country_clip2
392,4,0,0,0,0,0,0,1,0,0,0,0,0,0,0,0,0,0,0,no_country_clip2
393,4,0,0,0,0,0,0,1,0,0,0,0,0,0,0,0,0,0,0,no_country_clip2
394,4,0,0,0,0,0,0,1,0,0,0,0,0,0,0,0,0,0,0,no_country_clip2
395,4,0,0,0,0,0,0,1,0,0,0,0,0,0,0,0,0,0,0,no_country_clip2
396,4,0,0,0,0,0,0,1,0,0,0,0,0,0,0,0,0,0,0,no_country_clip2
397,4,0,0,0,0,0,0,1,0,0,0,0,0,0,0,0,0,0,0,no_country_clip2
398,4,0,0,0,0,0,0,1,0,0,0,0,0,0,0,0,0,0,0,no_country_clip2
399,4,0,0,0,0,0,0,1,0,0,0,0,0,0,0,0,0,0,0,no_country_clip2
400,4,0,0,0,0,0,0,1,0,0,0,0,0,0,0,0,0,0,0,no_country_clip2
401,4,0,0,0,0,0,0,1,0,0,0,0,0,0,0,0,0,0,0,no_country_clip2
402,4,0,0,0,0,0,0,1,0,0,0,0,0,0,0,0,0,0,0,no_country_clip2
403,4,0,0,0,0,0,0,1,0,0,0,0,0,0,0,0,0,0,0,no_country_clip2
404,4,0,0,0,0,0,0,1,0,0,0,0,0,0,0,0,0,0,0,no_country_clip2
405,4,0,0,0,1,0,0,1,0,0,0,0,0,0,0,0,0,0,0,no_country_clip2
406,4,0,0,0,1,0,0,1,0,0,0,0,0,0,0,0,0,0,0,no_country_clip2
407,4,0,0,0,1,0,0,1,0,0,0,0,0,0,0,0,0,0,0,no_country_clip2
408,4,0,0,0,1,0,0,1,0,0,0,0,0,0,0,0,0,0,0,no_country_clip2
409,4,0,0,0,1,0,0,1,0,0,0,0,0,0,0,0,0,0,0,no_country_clip2
410,4,0,0,0,1,0,0,1,0,0,0,0,0,0,0,0,0,0,0,no_country_clip2
411,4,0,0,0,1,0,0,1,0,0,0,0,0,0,0,0,0,0,0,no_country_clip2
412,4,0,0,0,1,0,0,1,0,0,0,0,0,0,0,0,0,0,0,no_country_clip2
413,4,0,0,0,1,0,0,1,0,0,0,0,0,0,0,0,0,0,0,no_country_clip2
414,4,0,0,0,1,0,0,1,0,0,0,0,0,0,0,0,0,0,0,no_country_clip2
415,4,0,0,0,1,0,0,1,0,0,0,0,0,0,0,0,0,0,0,no_country_clip2
416,4,0,0,0,1,0,0,1,0,0,0,0,0,0,0,0,0,0,0,no_country_clip2
417,4,0,0,0,1,0,0,1,0,0,0,0,0,0,0,0,0,0,0,no_country_clip2
418,4,0,0,0,1,0,0,1,0,0,0,0,0,0,0,0,0,0,0,no_country_clip2
419,4,0,0,0,1,0,0,1,0,0,0,0,0,0,0,0,0,0,0,no_country_clip2
420,4,0,0,0,1,0,0,1,0,0,0,0,0,0,0,0,0,0,0,no_country_clip2
421,4,0,0,0,1,0,0,1,0,0,0,0,0,0,0,0,0,0,0,no_country_clip2
422,4,0,0,0,1,0,0,1,0,0,0,0,0,0,0,0,0,0,0,no_country_clip2
423,4,0,0,0,1,0,0,1,0,0,0,0,0,0,0,0,0,0,0,no_country_clip2
424,4,0,0,0,1,0,0,1,0,0,0,0,0,0,0,0,0,0,0,no_country_clip2
425,4,0,0,0,1,0,0,1,0,0,0,0,0,0,0,0,0,0,0,no_country_clip2
426,4,0,0,0,1,0,0,1,0,0,0,0,0,0,0,0,0,0,0,no_country_clip2
427,4,0,0,0,1,0,0,1,0,0,0,0,0,0,0,0,0,0,0,no_country_clip2
428,4,0,0,0,1,0,0,1,0,0,0,0,0,0,0,0,0,0,0,no_country_clip2
429,4,0,0,0,1,0,0,1,0,0,0,0,0,0,0,0,0,0,0,no_country_clip2
430,4,0,0,0,1,1,0,1,0,0,0,0,0,0,0,0,0,0,0,no_country_clip2
431,4,0,0,0,0,1,0,1,0,0,0,0,0,0,0,0,0,0,0,no_country_clip2
432,4,0,0,0,0,1,0,1,0,0,0,0,0,0,0,0,0,0,0,no_country_clip2
433,4,0,0,0,0,1,0,1,0,0,0,0,0,0,0,0,0,0,0,no_country_clip2
434,4,0,0,0,0,1,0,1,0,0,0,0,0,0,0,0,0,0,0,no_country_clip2
435,4,0,0,0,0,1,0,1,0,0,0,0,0,0,0,0,0,0,0,no_country_clip2
436,4,0,0,0,0,1,0,1,0,0,0,0,0,0,0,0,0,0,0,no_country_clip2
437,4,0,0,0,0,1,0,1,0,0,0,0,0,0,0,0,0,0,0,no_country_clip2
438,4,0,0,0,0,1,0,1,0,0,0,0,0,0,0,0,0,0,0,no_country_clip2
439,4,0,0,0,0,1,0,1,0,0,0,0,0,0,0,0,0,0,0,no_country_clip2
440,4,0,0,0,0,1,0,1,0,0,0,0,0,0,0,0,0,0,0,no_country_clip2
441,4,0,0,0,0,1,0,1,0,0,0,0,0,0,0,0,0,0,0,no_country_clip2
442,4,0,0,0,0,1,0,1,0,0,0,0,0,0,0,0,0,0,0,no_country_clip2
443,4,0,0,0,0,1,0,1,0,0,0,0,0,0,0,0,0,0,0,no_country_clip2
444,4,0,0,0,0,1,0,1,0,0,0,0,0,0,0,0,0,0,0,no_country_clip2
445,4,0,0,0,0,1,0,1,0,0,0,0,0,0,0,0,0,0,0,no_country_clip2
446,4,0,0,0,0,1,0,1,0,0,0,0,0,0,0,0,0,0,0,no_country_clip2
447,4,0,0,0,0,1,0,1,0,0,0,0,0,0,0,0,0,0,0,no_country_clip2
448,4,0,0,0,0,1,0,1,0,0,0,0,0,0,0,0,0,0,0,no_country_clip2
449,4,0,0,0,0,1,0,1,0,0,0,0,0,0,0,0,0,0,0,no_country_clip2
450,4,0,0,0,0,1,0,1,0,0,0,0,0,0,0,0,0,0,0,no_country_clip2
451,4,0,0,0,0,1,0,1,0,0,0,0,0,0,0,0,0,0,0,no_country_clip2
452,4,0,0,0,0,1,0,1,0,0,0,0,0,0,0,0,0,0,0,no_country_clip2
453,4,0,0,0,0,1,0,1,0,0,0,0,0,0,0,0,0,0,0,no_country_clip2
454,4,0,0,0,0,1,0,1,0,0,0,0,0,0,0,0,0,0,0,no_country_clip2
455,4,0,0,0,0,1,0,1,0,0,0,0,0,0,0,0,0,0,0,no_country_clip2
456,4,0,0,0,0,1,0,1,0,0,0,0,0,0,0,0,0,0,0,no_country_clip2
457,4,0,0,0,0,1,0,1,0,0,0,0,0,0,0,0,0,0,0,no_country_clip2
458,4,0,0,0,0,1,0,1,0,0,0,0,0,0,0,0,0,0,0,no_country_clip2
459,4,0,0,0,0,1,0,1,0,0,0,0,0,0,0,0,0,0,0,no_country_clip2
460,4,0,0,0,0,1,0,1,0,0,0,0,0,0,0,0,0,0,0,no_country_clip2
461,4,0,0,0,0,1,0,1,0,0,0,0,0,0,0,0,0,0,0,no_country_clip2
462,4,0,0,0,0,1,0,1,0,0,0,0,0,0,0,0,0,0,0,no_country_clip2
463,4,0,0,0,0,1,0,1,0,0,0,0,0,0,0,0,0,0,0,no_country_clip2
464,4,0,0,0,0,1,0,1,0,0,0,0,0,0,0,0,0,0,0,no_country_clip2
465,4,0,0,0,0,1,0,1,0,0,0,0,0,0,0,0,0,0,0,no_country_clip2
466,4,0,0,0,0,1,0,1,0,0,0,0,0,0,0,0,0,0,0,no_country_clip2
467,4,0,0,0,0,1,0,1,0,0,0,0,0,0,0,0,0,0,0,no_country_clip2
468,4,0,0,0,0,1,0,1,0,0,0,0,0,0,0,0,0,0,0,no_country_clip2
469,4,0,0,0,0,1,0,1,0,0,0,0,0,0,0,0,0,0,0,no_country_clip2
470,4,0,0,0,0,1,0,1,0,0,0,0,0,0,0,0,0,0,0,no_country_clip2
471,4,0,0,0,0,1,0,1,0,0,0,0,0,0,0,0,0,0,0,no_country_clip2
472,4,0,0,0,0,1,0,1,0,0,0,0,0,0,0,0,0,0,0,no_country_clip2
473,4,0,0,0,0,1,0,1,0,0,0,0,0,0,0,0,0,0,0,no_country_clip2
474,4,0,0,0,0,1,0,1,0,0,0,0,0,0,0,0,0,0,0,no_country_clip2
475,4,0,0,0,0,1,0,1,0,0,0,0,0,0,0,0,0,0,0,no_country_clip2
476,4,0,0,0,0,1,0,1,0,0,0,0,0,0,0,0,0,0,0,no_country_clip2
477,4,0,0,0,0,1,0,1,0,0,0,0,0,0,0,0,0,0,0,no_country_clip2
478,4,0,0,0,0,1,0,1,0,0,0,0,0,0,0,0,0,0,0,no_country_clip2
479,4,0,0,0,0,1,0,1,0,0,0,0,0,0,0,0,0,0,0,no_country_clip2
480,4,0,0,0,0,1,0,1,0,0,0,0,0,0,0,0,0,0,0,no_country_clip2
481,4,0,0,0,0,1,0,1,0,0,0,0,0,0,0,0,0,0,0,no_country_clip2
482,4,0,0,0,0,1,0,1,0,0,0,0,0,0,0,0,0,0,0,no_country_clip2
483,4,0,0,0,0,1,0,1,0,0,0,0,0,0,0,0,0,0,0,no_country_clip2
484,4,0,0,0,0,1,0,1,0,0,0,0,0,0,0,0,0,0,0,no_country_clip2
485,4,0,0,0,0,1,0,1,0,0,0,0,0,0,0,0,0,0,0,no_country_clip2
486,4,0,0,0,0,1,0,1,0,0,0,0,0,0,0,0,0,0,0,no_country_clip2
487,4,0,0,0,0,1,0,1,0,0,0,0,0,0,0,0,0,0,0,no_country_clip2
488,4,0,0,0,0,1,0,1,0,0,0,0,0,0,0,0,0,0,0,no_country_clip2
489,4,0,0,0,0,1,0,1,0,0,0,0,0,0,0,0,0,0,0,no_country_clip2
490,4,0,0,0,0,1,0,1,0,0,0,0,0,0,0,0,0,0,0,no_country_clip2
491,4,0,0,0,0,1,0,1,0,0,0,0,0,0,0,0,0,0,0,no_country_clip2
492,4,0,0,0,0,1,0,1,0,0,0,0,0,0,0,0,0,0,0,no_country_clip2
493,4,0,0,0,0,1,0,1,0,0,0,0,0,0,0,0,0,0,0,no_country_clip2
494,4,0,0,0,0,1,0,1,0,0,0,0,0,0,0,0,0,0,0,no_country_clip2
495,4,0,0,0,0,1,0,1,0,0,0,0,0,0,0,0,0,0,0,no_country_clip2
496,4,0,0,0,0,1,0,1,0,0,0,0,0,0,0,0,0,0,0,no_country_clip2
497,4,0,0,0,0,1,0,1,0,0,0,0,0,0,0,0,0,0,0,no_country_clip2
498,4,0,0,0,0,1,0,1,0,0,0,0,0,0,0,0,0,0,0,no_country_clip2
499,4,0,0,0,0,1,0,1,0,0,0,0,0,0,0,0,0,0,0,no_country_clip2
500,4,0,0,0,0,1,0,1,0,0,0,0,0,0,0,0,0,0,0,no_country_clip2
501,4,0,0,0,0,1,0,1,0,0,0,0,0,0,0,0,0,0,0,no_country_clip2
502,4,0,0,0,0,1,0,1,0,0,0,0,0,0,0,0,0,0,0,no_country_clip2
503,4,0,0,0,0,1,0,1,0,0,0,0,0,0,0,0,0,0,0,no_country_clip2
504,4,0,0,0,0,1,0,1,0,0,0,0,0,0,0,0,0,0,0,no_country_clip2
505,4,0,0,0,0,1,0,1,0,0,0,0,0,0,0,0,0,0,0,no_country_clip2
506,4,0,0,0,0,1,0,1,0,0,0,0,0,0,0,0,0,0,0,no_country_clip2
507,4,0,0,0,0,1,0,1,0,0,0,0,0,0,0,0,0,0,0,no_country_clip2
508,4,0,0,0,0,1,0,1,0,0,0,0,0,0,0,0,0,0,0,no_country_clip2
509,4,0,0,0,0,1,0,1,0,0,0,0,0,0,0,0,0,0,0,no_country_clip2
510,4,0,0,0,0,1,0,1,0,0,0,0,0,0,0,0,0,0,0,no_country_clip2
511,4,0,0,0,0,1,0,1,0,0,0,0,0,0,0,0,0,0,0,no_country_clip2
512,4,0,0,0,0,1,0,1,0,0,0,0,0,0,0,0,0,0,0,no_country_clip2
513,4,0,0,0,0,1,0,1,0,0,0,0,0,0,0,0,0,0,0,no_country_clip2
514,4,0,0,0,0,1,0,1,0,0,0,0,0,0,0,0,0,0,0,no_country_clip2
515,4,0,0,0,0,1,0,1,0,0,0,0,0,0,0,0,0,0,0,no_country_clip2
516,4,0,0,0,0,1,0,1,0,0,0,0,0,0,0,0,0,0,0,no_country_clip2
517,4,0,0,0,0,1,0,1,0,0,0,0,0,0,0,0,0,0,0,no_country_clip2
518,4,0,0,0,0,1,0,1,0,0,0,0,0,0,0,0,0,0,0,no_country_clip2
519,4,0,0,0,0,1,0,1,0,0,0,0,0,0,0,0,0,0,0,no_country_clip2
520,4,0,0,0,0,1,0,1,0,0,0,0,0,0,0,0,0,0,0,no_country_clip2
521,4,0,0,0,0,1,0,1,0,0,0,0,0,0,0,0,0,0,0,no_country_clip2
522,4,0,0,0,0,1,0,1,0,0,0,0,0,0,0,0,0,0,0,no_country_clip2
523,4,0,0,0,0,1,0,1,0,0,0,0,0,0,0,0,0,0,0,no_country_clip2
524,4,0,0,0,0,1,0,1,0,0,0,0,0,0,0,0,0,0,0,no_country_clip2
525,4,0,0,0,0,1,0,1,0,0,0,0,0,0,0,0,0,0,0,no_country_clip2
526,4,0,0,0,0,1,0,1,0,0,0,0,0,0,0,0,0,0,0,no_country_clip2
527,4,0,0,0,0,1,0,1,0,0,0,0,0,0,0,0,0,0,0,no_country_clip2
528,4,0,0,0,0,1,0,1,0,0,0,0,0,0,0,0,0,0,0,no_country_clip2
529,4,0,0,0,0,1,0,1,0,0,0,0,0,0,0,0,0,0,0,no_country_clip2
530,4,0,0,0,0,1,0,1,0,0,0,0,0,0,0,0,0,0,0,no_country_clip2
531,4,0,0,0,0,1,0,1,0,0,0,0,0,0,0,0,0,0,0,no_country_clip2
532,4,0,0,0,0,1,0,1,0,0,0,0,0,0,0,0,0,0,0,no_country_clip2
533,4,0,0,1,0,1,0,1,0,0,0,0,0,0,0,0,0,0,0,no_country_clip2
534,5,0,0,1,0,1,0,1,0,0,0,0,0,0,0,0,0,0,0,no_country_clip2
535,5,0,0,0,0,1,0,1,0,0,0,0,0,0,0,0,0,0,0,no_country_clip2
536,5,0,0,0,0,1,0,1,0,0,0,0,0,0,0,0,0,0,0,no_country_clip2
537,5,0,0,0,0,1,0,1,0,0,0,0,0,0,0,0,0,0,0,no_country_clip2
538,5,0,0,0,0,1,0,1,0,0,0,0,0,0,0,0,0,0,0,no_country_clip2
539,5,0,0,0,0,1,0,1,0,0,0,0,0,0,0,0,0,0,0,no_country_clip2
540,5,0,0,0,0,1,0,1,0,0,0,0,0,0,0,0,0,0,0,no_country_clip2
541,5,0,0,0,0,1,0,1,0,0,0,0,0,0,0,0,0,0,0,no_country_clip2
542,5,0,0,0,0,1,0,1,0,0,0,0,0,0,0,0,0,0,0,no_country_clip2
543,5,0,0,0,0,1,0,1,0,0,0,0,0,0,0,0,0,0,0,no_country_clip2
544,5,0,0,0,0,1,0,1,0,0,0,0,0,0,0,0,0,0,0,no_country_clip2
545,5,0,0,0,0,1,0,1,0,0,0,0,0,0,0,0,0,0,0,no_country_clip2
546,5,0,0,0,0,1,0,1,0,0,0,0,0,0,0,0,0,0,0,no_country_clip2
547,5,0,0,0,0,1,0,1,0,0,0,0,0,0,0,0,0,0,0,no_country_clip2
548,5,0,0,0,0,1,0,1,0,0,0,0,0,0,0,0,0,0,0,no_country_clip2
549,5,0,0,0,0,0,0,1,0,0,0,0,0,0,0,0,0,0,0,no_country_clip2
550,5,0,0,0,0,0,0,1,0,0,0,0,0,0,0,0,0,0,0,no_country_clip2
551,5,0,0,0,0,0,0,1,0,0,0,0,0,0,0,0,0,0,0,no_country_clip2
552,5,0,0,0,0,0,0,1,0,0,0,0,0,0,0,0,0,0,0,no_country_clip2
553,5,0,0,0,0,0,0,1,0,0,0,0,0,0,0,0,0,0,0,no_country_clip2
554,5,0,0,0,0,0,0,1,0,0,0,0,0,0,0,0,0,0,0,no_country_clip2
555,5,0,0,0,0,0,0,1,0,0,0,0,0,0,0,0,0,0,0,no_country_clip2
556,5,0,0,0,1,0,0,1,0,0,0,0,0,0,0,0,0,0,0,no_country_clip2
557,5,0,0,0,1,0,0,1,0,0,0,0,0,0,0,0,0,0,0,no_country_clip2
558,5,0,0,0,1,0,0,1,0,0,0,0,0,0,0,0,0,0,0,no_country_clip2
559,5,0,0,0,1,0,0,1,0,0,0,0,0,0,0,0,0,0,0,no_country_clip2
560,5,0,0,0,1,0,0,1,0,0,0,0,0,0,0,0,0,0,0,no_country_clip2
561,5,0,0,0,1,0,0,1,0,0,0,0,0,0,0,0,0,0,0,no_country_clip2
562,5,0,0,0,1,0,0,1,0,0,0,0,0,0,0,0,0,0,0,no_country_clip2
563,5,0,0,0,1,0,0,1,0,0,0,0,0,0,0,0,0,0,0,no_country_clip2
564,5,0,0,0,1,0,0,1,0,0,0,0,0,0,0,0,0,0,0,no_country_clip2
565,5,0,0,0,1,0,0,1,0,0,0,0,0,0,0,0,0,0,0,no_country_clip2
566,5,0,0,0,1,0,0,1,0,0,0,0,0,0,0,0,0,0,0,no_country_clip2
567,5,0,0,0,1,0,0,1,0,0,0,0,0,0,0,0,0,0,0,no_country_clip2
568,5,0,0,0,1,0,0,1,0,0,0,0,0,0,0,0,0,0,0,no_country_clip2
569,5,0,0,0,1,0,0,1,0,0,0,0,0,0,0,0,0,0,0,no_country_clip2
570,5,0,0,0,1,0,0,1,0,0,0,0,0,0,0,0,0,0,0,no_country_clip2
571,5,0,0,0,1,0,0,1,0,0,0,0,0,0,0,0,0,0,0,no_country_clip2
572,5,0,0,1,0,1,0,1,0,0,0,0,0,0,0,0,0,0,0,no_country_clip2
573,6,0,0,1,0,1,0,1,0,0,0,0,0,0,0,0,0,0,0,no_country_clip2
574,6,0,0,0,0,1,0,1,0,0,0,0,0,0,0,0,0,0,0,no_country_clip2
575,6,0,0,0,0,1,0,1,0,0,0,0,0,0,0,0,0,0,0,no_country_clip2
576,6,0,0,0,0,1,0,1,0,0,0,0,0,0,0,0,0,0,0,no_country_clip2
577,6,0,0,0,0,1,0,1,0,0,0,0,0,0,0,0,0,0,0,no_country_clip2
578,6,0,0,0,0,1,0,1,0,0,0,0,0,0,0,0,0,0,0,no_country_clip2
579,6,0,0,0,0,1,0,1,0,0,0,0,0,0,0,0,0,0,0,no_country_clip2
580,6,0,0,0,0,1,0,1,0,0,0,0,0,0,0,0,0,0,0,no_country_clip2
581,6,0,0,0,0,1,0,1,0,0,0,0,0,0,0,0,0,0,0,no_country_clip2
582,6,0,0,0,0,1,0,1,0,0,0,0,0,0,0,0,0,0,0,no_country_clip2
583,6,0,0,0,0,1,0,1,0,0,0,0,0,0,0,0,0,0,0,no_country_clip2
584,6,0,0,0,0,1,0,1,0,0,0,0,0,0,0,0,0,0,0,no_country_clip2
585,6,0,0,0,0,1,0,1,0,0,0,0,0,0,0,0,0,0,0,no_country_clip2
586,6,0,0,0,0,1,0,1,0,0,0,0,0,0,0,0,0,0,0,no_country_clip2
587,6,0,0,0,0,1,0,1,0,0,0,0,0,0,0,0,0,0,0,no_country_clip2
588,6,0,0,0,0,1,0,1,0,0,0,0,0,0,0,0,0,0,0,no_country_clip2
589,6,0,0,0,0,1,0,1,0,0,0,0,0,0,0,0,0,0,0,no_country_clip2
590,6,0,0,0,0,1,0,1,0,0,0,0,0,0,0,0,0,0,0,no_country_clip2
591,6,0,0,0,0,1,0,1,0,0,0,0,0,0,0,0,0,0,0,no_country_clip2
592,6,0,0,0,0,1,0,1,0,0,0,0,0,0,0,0,0,0,0,no_country_clip2
593,6,0,0,0,0,1,0,1,0,0,0,0,0,0,0,0,0,0,0,no_country_clip2
594,6,0,0,0,0,1,0,1,0,0,0,0,0,0,0,0,0,0,0,no_country_clip2
595,6,0,0,0,0,1,0,1,0,0,0,0,0,0,0,0,0,0,0,no_country_clip2
596,6,0,0,0,0,1,0,1,0,0,0,0,0,0,0,0,0,0,0,no_country_clip2
597,6,0,0,0,0,1,0,1,0,0,0,0,0,0,0,0,0,0,0,no_country_clip2
598,6,0,0,0,0,1,0,1,0,0,0,0,0,0,0,0,0,0,0,no_country_clip2
599,6,0,0,0,0,1,0,1,0,0,0,0,0,0,0,0,0,0,0,no_country_clip2
600,6,0,0,0,0,1,0,1,0,0,0,0,0,0,0,0,0,0,0,no_country_clip2
601,6,0,0,0,0,1,0,1,0,0,0,0,0,0,0,0,0,0,0,no_country_clip2
602,6,0,0,0,0,1,0,1,0,0,0,0,0,0,0,0,0,0,0,no_country_clip2
603,6,0,0,0,0,1,0,1,0,0,0,0,0,0,0,0,0,0,0,no_country_clip2
604,6,0,0,0,0,1,0,1,0,0,0,0,0,0,0,0,0,0,0,no_country_clip2
605,6,0,0,0,0,1,0,1,0,0,0,0,0,0,0,0,0,0,0,no_country_clip2
606,6,0,0,0,0,1,0,1,0,0,0,0,0,0,0,0,0,0,0,no_country_clip2
607,6,0,0,0,0,1,0,1,0,0,0,0,0,0,0,0,0,0,0,no_country_clip2
608,6,0,0,0,0,1,0,1,0,0,0,0,0,0,0,0,0,0,0,no_country_clip2
609,6,0,0,0,0,1,0,1,0,0,0,0,0,0,0,0,0,0,0,no_country_clip2
610,6,0,0,0,0,1,0,1,0,0,0,0,0,0,0,0,0,0,0,no_country_clip2
611,6,0,0,0,0,1,0,1,0,0,0,0,0,0,0,0,0,0,0,no_country_clip2
612,6,0,0,0,0,1,0,1,0,0,0,0,0,0,0,0,0,0,0,no_country_clip2
613,6,0,0,0,0,1,0,1,0,0,0,0,0,0,0,0,0,0,0,no_country_clip2
614,6,0,0,0,0,1,0,1,0,0,0,0,0,0,0,0,0,0,0,no_country_clip2
615,6,0,0,0,0,1,0,1,0,0,0,0,0,0,0,0,0,0,0,no_country_clip2
616,6,0,0,0,0,1,0,1,0,0,0,0,0,0,0,0,0,0,0,no_country_clip2
617,6,0,0,0,0,1,0,1,0,0,0,0,0,0,0,0,0,0,0,no_country_clip2
618,6,0,0,0,0,1,0,1,0,0,0,0,0,0,0,0,0,0,0,no_country_clip2
619,6,0,0,0,0,1,0,1,0,0,0,0,0,0,0,0,0,0,0,no_country_clip2
620,6,0,0,0,0,1,0,1,0,0,0,0,0,0,0,0,0,0,0,no_country_clip2
621,6,0,0,0,0,1,0,1,0,0,0,0,0,0,0,0,0,0,0,no_country_clip2
622,6,0,0,0,0,1,0,1,0,0,0,0,0,0,0,0,0,0,0,no_country_clip2
623,6,0,0,0,0,1,0,1,0,0,0,0,0,0,0,0,0,0,0,no_country_clip2
624,6,0,0,0,0,1,0,1,0,0,0,0,0,0,0,0,0,0,0,no_country_clip2
625,6,0,0,0,0,1,0,1,0,0,0,0,0,0,0,0,0,0,0,no_country_clip2
626,6,0,0,0,0,1,0,1,0,0,0,0,0,0,0,0,0,0,0,no_country_clip2
627,6,0,0,0,0,1,0,1,0,0,0,0,0,0,0,0,0,0,0,no_country_clip2
628,6,0,0,0,0,1,0,1,0,0,0,0,0,0,0,0,0,0,0,no_country_clip2
629,6,0,0,0,0,1,0,1,0,0,0,0,0,0,0,0,0,0,0,no_country_clip2
630,6,0,0,0,0,1,0,1,0,0,0,0,0,0,0,0,0,0,0,no_country_clip2
631,6,0,0,0,0,1,0,1,0,0,0,0,0,0,0,0,0,0,0,no_country_clip2
632,6,0,0,0,0,1,0,1,0,0,0,0,0,0,0,0,0,0,0,no_country_clip2
633,6,0,0,0,0,1,0,1,0,0,0,0,0,0,0,0,0,0,0,no_country_clip2
634,6,0,0,0,0,1,0,1,0,0,0,0,0,0,0,0,0,0,0,no_country_clip2
635,6,0,0,0,0,1,0,1,0,0,0,0,0,0,0,0,0,0,0,no_country_clip2
636,6,0,0,0,0,1,0,1,0,0,0,0,0,0,0,0,0,0,0,no_country_clip2
637,6,0,0,0,0,1,0,1,0,0,0,0,0,0,0,0,0,0,0,no_country_clip2
638,6,0,0,0,0,1,0,1,0,0,0,0,0,0,0,0,0,0,0,no_country_clip2
639,6,0,0,0,0,1,0,1,0,0,0,0,0,0,0,0,0,0,0,no_country_clip2
640,6,0,0,0,0,1,0,1,0,0,0,0,0,0,0,0,0,0,0,no_country_clip2
641,6,0,0,0,0,1,0,1,0,0,0,0,0,0,0,0,0,0,0,no_country_clip2
642,6,0,0,0,0,1,0,1,0,0,0,0,0,0,0,0,0,0,0,no_country_clip2
643,6,0,0,0,0,1,0,1,0,0,0,0,0,0,0,0,0,0,0,no_country_clip2
644,6,0,0,0,0,0,0,1,0,0,0,0,0,0,0,0,0,0,0,no_country_clip2
645,6,0,0,0,0,0,0,1,0,0,0,0,0,0,0,0,0,0,0,no_country_clip2
646,6,0,0,0,0,0,0,1,0,0,0,0,0,0,0,0,0,0,0,no_country_clip2
647,6,0,0,1,0,0,0,1,0,0,0,0,0,0,0,0,0,0,0,no_country_clip2
648,7,0,0,1,0,0,0,1,0,0,0,0,0,0,0,0,0,0,0,no_country_clip2
649,7,0,0,0,0,0,0,1,0,0,0,0,0,0,0,0,0,0,0,no_country_clip2
650,7,0,0,0,0,0,0,1,0,0,0,0,0,0,0,0,0,0,0,no_country_clip2
651,7,0,0,0,0,0,0,1,0,0,0,0,0,0,0,0,0,0,0,no_country_clip2
652,7,0,0,0,0,0,0,1,0,0,0,0,0,0,0,0,0,0,0,no_country_clip2
653,7,0,0,0,0,0,0,1,0,0,0,0,0,0,0,0,0,0,0,no_country_clip2
654,7,0,0,0,0,0,0,1,0,0,0,0,0,0,0,0,0,0,0,no_country_clip2
655,7,0,0,0,0,0,0,1,0,0,0,0,0,0,0,0,0,0,0,no_country_clip2
656,7,0,0,0,0,0,0,1,0,0,0,0,0,0,0,0,0,0,0,no_country_clip2
657,7,0,0,0,0,0,0,1,0,0,0,0,0,0,0,0,0,0,0,no_country_clip2
658,7,0,0,0,0,0,0,1,0,0,0,0,0,0,0,0,0,0,0,no_country_clip2
659,7,0,0,0,0,0,0,1,0,0,0,0,0,0,0,0,0,0,0,no_country_clip2
660,7,0,0,0,0,0,0,1,0,0,0,0,0,0,0,0,0,0,0,no_country_clip2
661,7,0,0,0,0,0,0,1,0,0,0,0,0,0,0,0,0,0,0,no_country_clip2
662,7,0,0,0,0,0,0,1,0,0,0,0,0,0,0,0,0,0,0,no_country_clip2
663,7,0,0,0,0,0,0,1,0,0,0,0,0,0,0,0,0,0,0,no_country_clip2
664,7,0,0,0,0,0,0,1,0,0,0,0,0,0,0,0,0,0,0,no_country_clip2
665,7,0,0,0,0,0,0,1,0,0,0,0,0,0,0,0,0,0,0,no_country_clip2
666,7,0,0,0,0,0,0,1,0,0,0,0,0,0,0,0,0,0,0,no_country_clip2
667,7,0,0,0,0,0,0,1,0,0,0,0,0,0,0,0,0,0,0,no_country_clip2
668,7,0,0,0,0,0,0,1,0,0,0,0,0,0,0,0,0,0,0,no_country_clip2
669,7,0,0,0,0,0,0,1,0,0,0,0,0,0,0,0,0,0,0,no_country_clip2
670,7,0,0,0,0,0,0,1,0,0,0,0,0,0,0,0,0,0,0,no_country_clip2
671,7,0,0,0,0,0,0,1,0,0,0,0,0,0,0,0,0,0,0,no_country_clip2
672,7,0,0,0,0,0,0,1,0,0,0,0,0,0,0,0,0,0,0,no_country_clip2
673,7,0,0,0,0,0,0,1,0,0,0,0,0,0,0,0,0,0,0,no_country_clip2
674,7,0,0,0,0,0,0,1,0,0,0,0,0,0,0,0,0,0,0,no_country_clip2
675,7,0,0,0,0,0,0,1,0,0,0,0,0,0,0,0,0,0,0,no_country_clip2
676,7,0,0,0,0,0,0,1,0,0,0,0,0,0,0,0,0,0,0,no_country_clip2
677,7,0,0,0,0,0,0,1,0,0,0,0,0,0,0,0,0,0,0,no_country_clip2
678,7,0,0,0,0,0,0,1,0,0,0,0,0,0,0,0,0,0,0,no_country_clip2
679,7,0,0,0,0,0,0,1,0,0,0,0,0,0,0,0,0,0,0,no_country_clip2
680,7,0,0,0,0,0,0,1,0,0,0,0,0,0,0,0,0,0,0,no_country_clip2
681,7,0,0,0,0,0,0,1,0,0,0,0,0,0,0,0,0,0,0,no_country_clip2
682,7,0,0,0,0,0,0,1,0,0,0,0,0,0,0,0,0,0,0,no_country_clip2
683,7,0,0,0,0,0,0,1,0,0,0,0,0,0,0,0,0,0,0,no_country_clip2
684,7,0,0,0,0,0,0,1,0,0,0,0,0,0,0,0,0,0,0,no_country_clip2
685,7,0,0,0,0,1,0,1,0,0,0,0,0,0,0,0,0,0,0,no_country_clip2
686,7,0,0,0,0,1,0,1,0,0,0,0,0,0,0,0,0,0,0,no_country_clip2
687,7,0,0,0,0,1,0,1,0,0,0,0,0,0,0,0,0,0,0,no_country_clip2
688,7,0,0,0,0,1,0,1,0,0,0,0,0,0,0,0,0,0,0,no_country_clip2
689,7,0,0,0,0,1,0,1,0,0,0,0,0,0,0,0,0,0,0,no_country_clip2
690,7,0,0,0,0,1,0,1,0,0,0,0,0,0,0,0,0,0,0,no_country_clip2
691,7,0,0,0,0,1,0,1,0,0,0,0,0,0,0,0,0,0,0,no_country_clip2
692,7,0,0,0,0,1,0,1,0,0,0,0,0,0,0,0,0,0,0,no_country_clip2
693,7,0,0,0,0,1,0,1,0,0,0,0,0,0,0,0,0,0,0,no_country_clip2
694,7,0,0,0,0,1,0,1,0,0,0,0,0,0,0,0,0,0,0,no_country_clip2
695,7,0,0,0,0,1,0,1,0,0,0,0,0,0,0,0,0,0,0,no_country_clip2
696,7,0,0,0,0,1,0,1,0,0,0,0,0,0,0,0,0,0,0,no_country_clip2
697,7,0,0,0,0,1,0,1,0,0,0,0,0,0,0,0,0,0,0,no_country_clip2
698,7,0,0,0,0,1,0,1,0,0,0,0,0,0,0,0,0,0,0,no_country_clip2
699,7,0,0,0,0,1,0,1,0,0,0,0,0,0,0,0,0,0,0,no_country_clip2
700,7,0,0,0,0,1,0,1,0,0,0,0,0,0,0,0,0,0,0,no_country_clip2
701,7,0,0,0,0,1,0,1,0,0,0,0,0,0,0,0,0,0,0,no_country_clip2
702,7,0,0,0,0,1,0,1,0,0,0,0,0,0,0,0,0,0,0,no_country_clip2
703,7,0,0,0,0,1,0,1,0,0,0,0,0,0,0,0,0,0,0,no_country_clip2
704,7,0,0,0,0,1,0,1,0,0,0,0,0,0,0,0,0,0,0,no_country_clip2
705,7,0,0,0,0,1,0,1,0,0,0,0,0,0,0,0,0,0,0,no_country_clip2
706,7,0,0,0,0,1,0,1,0,0,0,0,0,0,0,0,0,0,0,no_country_clip2
707,7,0,0,0,0,1,0,1,0,0,0,0,0,0,0,0,0,0,0,no_country_clip2
708,7,0,0,0,0,1,0,1,0,0,0,0,0,0,0,0,0,0,0,no_country_clip2
709,7,0,0,0,0,1,0,1,0,0,0,0,0,0,0,0,0,0,0,no_country_clip2
710,7,0,0,0,0,1,0,1,0,0,0,0,0,0,0,0,0,0,0,no_country_clip2
711,7,0,0,0,0,1,0,1,0,0,0,0,0,0,0,0,0,0,0,no_country_clip2
712,7,0,0,0,0,1,0,1,0,0,0,0,0,0,0,0,0,0,0,no_country_clip2
713,7,0,0,0,0,1,0,1,0,0,0,0,0,0,0,0,0,0,0,no_country_clip2
714,7,0,0,0,0,1,0,1,0,0,0,0,0,0,0,0,0,0,0,no_country_clip2
715,7,0,0,0,0,1,0,1,0,0,0,0,0,0,0,0,0,0,0,no_country_clip2
716,7,0,0,0,0,1,0,1,0,0,0,0,0,0,0,0,0,0,0,no_country_clip2
717,7,0,0,0,0,1,0,1,0,0,0,0,0,0,0,0,0,0,0,no_country_clip2
718,7,0,0,0,0,1,0,1,0,0,0,0,0,0,0,0,0,0,0,no_country_clip2
719,7,0,0,0,0,1,0,1,0,0,0,0,0,0,0,0,0,0,0,no_country_clip2
720,7,0,0,0,0,1,0,1,0,0,0,0,0,0,0,0,0,0,0,no_country_clip2
721,7,0,0,0,0,1,0,1,0,0,0,0,0,0,0,0,0,0,0,no_country_clip2
722,7,0,0,0,0,1,0,1,0,0,0,0,0,0,0,0,0,0,0,no_country_clip2
723,7,0,0,1,0,1,0,1,0,0,0,0,0,0,0,0,0,0,0,no_country_clip2
724,8,0,0,1,0,1,0,1,0,0,0,0,0,0,0,0,0,0,0,no_country_clip2
725,8,0,0,0,0,1,0,1,0,0,0,0,0,0,0,0,0,0,0,no_country_clip2
726,8,0,0,0,0,1,0,1,0,0,0,0,0,0,0,0,0,0,0,no_country_clip2
727,8,0,0,0,0,1,0,1,0,0,0,0,0,0,0,0,0,0,0,no_country_clip2
728,8,0,0,0,0,1,0,1,0,0,0,0,0,0,0,0,0,0,0,no_country_clip2
729,8,0,0,0,0,1,0,1,0,0,0,0,0,0,0,0,0,0,0,no_country_clip2
730,8,0,0,0,0,1,0,1,0,0,0,0,0,0,0,0,0,0,0,no_country_clip2
731,8,0,0,0,0,1,0,1,0,0,0,0,0,0,0,0,0,0,0,no_country_clip2
732,8,0,0,0,0,1,0,1,0,0,0,0,0,0,0,0,0,0,0,no_country_clip2
733,8,0,0,0,0,1,0,1,0,0,0,0,0,0,0,0,0,0,0,no_country_clip2
734,8,0,0,0,0,1,0,1,0,0,0,0,0,0,0,0,0,0,0,no_country_clip2
735,8,0,0,0,0,1,0,1,0,0,0,0,0,0,0,0,0,0,0,no_country_clip2
736,8,0,0,0,0,1,0,1,0,0,0,0,0,0,0,0,0,0,0,no_country_clip2
737,8,0,0,0,0,1,0,1,0,0,0,0,0,0,0,0,0,0,0,no_country_clip2
738,8,0,0,0,0,1,0,1,0,0,0,0,0,0,0,0,0,0,0,no_country_clip2
739,8,0,0,0,0,1,0,1,0,0,0,0,0,0,0,0,0,0,0,no_country_clip2
740,8,0,0,0,0,0,0,1,0,0,0,0,0,0,0,0,0,0,0,no_country_clip2
741,8,0,0,0,0,0,0,1,0,0,0,0,0,0,0,0,0,0,0,no_country_clip2
742,8,0,0,0,0,0,0,1,0,0,0,0,0,0,0,0,0,0,0,no_country_clip2
743,8,0,0,0,0,0,0,1,0,0,0,0,0,0,0,0,0,0,0,no_country_clip2
744,8,0,0,0,0,0,0,1,0,0,0,0,0,0,0,0,0,0,0,no_country_clip2
745,8,0,0,0,0,0,0,1,0,0,0,0,0,0,0,0,0,0,0,no_country_clip2
746,8,0,0,0,0,0,0,1,0,0,0,0,0,0,0,0,0,0,0,no_country_clip2
747,8,0,0,0,0,0,0,1,0,0,0,0,0,0,0,0,0,0,0,no_country_clip2
748,8,0,0,0,0,0,0,1,0,0,0,0,0,0,0,0,0,0,0,no_country_clip2
749,8,0,0,0,0,0,0,1,0,0,0,0,0,0,0,0,0,0,0,no_country_clip2
750,8,0,0,0,0,0,0,1,0,0,0,0,0,0,0,0,0,0,0,no_country_clip2
751,8,0,0,0,0,0,0,1,0,0,0,0,0,0,0,0,0,0,0,no_country_clip2
752,8,0,0,0,0,0,0,1,0,0,0,0,0,0,0,0,0,0,0,no_country_clip2
753,8,0,0,0,0,0,0,1,0,0,0,0,0,0,0,0,0,0,0,no_country_clip2
754,8,0,0,0,0,0,0,1,0,0,0,0,0,0,0,0,0,0,0,no_country_clip2
755,8,0,0,0,0,0,0,1,0,0,0,0,0,0,0,0,0,0,0,no_country_clip2
756,8,0,0,0,1,0,0,1,0,0,0,0,0,0,0,0,0,0,0,no_country_clip2
757,8,0,0,0,1,0,0,1,0,0,0,0,0,0,0,0,0,0,0,no_country_clip2
758,8,0,0,0,1,0,0,1,0,0,0,0,0,0,0,0,0,0,0,no_country_clip2
759,8,0,0,0,1,0,0,1,0,0,0,0,0,0,0,0,0,0,0,no_country_clip2
760,8,0,0,0,1,0,0,1,0,0,0,0,0,0,0,0,0,0,0,no_country_clip2
761,8,0,0,0,1,0,0,1,0,0,0,0,0,0,0,0,0,0,0,no_country_clip2
762,8,0,0,0,1,0,0,1,0,0,0,0,0,0,0,0,0,0,0,no_country_clip2
763,8,0,0,0,1,0,0,1,0,0,0,0,0,0,0,0,0,0,0,no_country_clip2
764,8,0,0,1,0,1,0,1,0,0,0,0,0,0,0,0,0,0,0,no_country_clip2
765,9,0,0,1,0,1,0,0,1,0,0,0,1,0,0,0,0,0,0,no_country_clip2
766,9,0,0,0,0,1,0,0,1,0,0,0,1,0,0,0,0,0,0,no_country_clip2
767,9,0,0,0,0,1,0,0,1,0,0,0,1,0,0,0,0,0,0,no_country_clip2
768,9,0,0,0,0,1,0,0,1,0,0,0,1,0,0,0,0,0,0,no_country_clip2
769,9,0,0,0,0,1,0,0,1,0,0,0,1,0,0,0,0,0,0,no_country_clip2
770,9,0,0,0,0,1,0,0,1,0,0,0,1,0,0,0,0,0,0,no_country_clip2
771,9,0,0,0,0,1,0,0,1,0,0,0,1,0,0,0,0,0,0,no_country_clip2
772,9,0,0,0,0,1,0,0,1,0,0,0,1,0,0,0,0,0,0,no_country_clip2
773,9,0,0,0,0,1,0,0,1,0,0,0,1,0,0,0,0,0,0,no_country_clip2
774,9,0,0,0,0,1,0,0,1,0,0,0,1,0,0,0,0,0,0,no_country_clip2
775,9,0,0,0,0,1,0,0,1,0,0,0,1,0,0,0,0,0,0,no_country_clip2
776,9,0,0,0,0,1,0,0,1,0,0,0,1,0,0,0,0,0,0,no_country_clip2
777,9,0,0,0,0,1,0,0,1,0,0,0,1,0,0,0,0,0,0,no_country_clip2
778,9,0,0,0,0,1,0,0,1,0,0,0,1,0,0,0,0,0,0,no_country_clip2
779,9,0,0,0,0,1,0,0,1,0,0,0,1,0,0,0,0,0,0,no_country_clip2
780,9,0,0,0,0,1,0,0,1,0,0,0,1,0,0,0,0,0,0,no_country_clip2
781,9,0,0,0,0,1,0,0,1,0,0,0,1,0,0,0,0,0,0,no_country_clip2
782,9,0,0,0,0,1,0,0,1,0,0,0,1,0,0,0,0,0,0,no_country_clip2
783,9,0,0,0,0,1,0,0,1,0,0,0,1,0,0,0,0,0,0,no_country_clip2
784,9,0,0,0,0,1,0,0,1,0,0,0,1,0,0,0,0,0,0,no_country_clip2
785,9,0,0,0,0,1,0,0,1,0,0,0,1,0,0,0,0,0,0,no_country_clip2
786,9,0,0,0,0,1,0,0,1,0,0,0,1,0,0,0,0,0,0,no_country_clip2
787,9,0,0,0,0,1,0,0,1,0,0,0,1,0,0,0,0,0,0,no_country_clip2
788,9,0,0,0,0,1,0,0,1,0,0,0,1,0,0,0,0,0,0,no_country_clip2
789,9,0,0,0,0,1,0,0,1,0,0,0,1,0,0,0,0,0,0,no_country_clip2
790,9,0,0,0,0,1,0,0,1,0,0,0,1,0,0,0,0,0,0,no_country_clip2
791,9,0,0,0,0,1,0,0,1,0,0,0,1,0,0,0,0,0,0,no_country_clip2
792,9,0,0,0,0,1,0,0,1,0,0,0,1,0,0,0,0,0,0,no_country_clip2
793,9,0,0,0,0,1,0,0,1,0,0,0,1,0,0,0,0,0,0,no_country_clip2
794,9,0,0,0,0,1,0,0,1,0,0,0,1,0,0,0,0,0,0,no_country_clip2
795,9,0,0,0,0,1,0,0,1,0,0,0,1,0,0,0,0,0,0,no_country_clip2
796,9,0,0,0,0,1,0,0,1,0,0,0,1,0,0,0,0,0,0,no_country_clip2
797,9,0,0,0,0,1,0,0,1,0,0,0,1,0,0,0,0,0,0,no_country_clip2
798,9,0,0,0,0,1,0,0,1,0,0,0,1,0,0,0,0,0,0,no_country_clip2
799,9,0,0,0,0,0,0,0,1,0,0,0,1,0,0,0,0,0,0,no_country_clip2
800,9,0,0,0,0,0,0,0,1,0,0,0,1,0,0,0,0,0,0,no_country_clip2
801,9,0,0,0,0,0,0,0,1,0,0,0,1,0,0,0,0,0,0,no_country_clip2
802,9,0,0,0,0,0,0,0,1,0,0,0,1,0,0,0,0,0,0,no_country_clip2
803,9,0,0,0,0,0,0,0,1,0,0,0,1,0,0,0,0,0,0,no_country_clip2
804,9,0,0,0,0,0,0,0,1,0,0,0,1,0,0,0,0,0,0,no_country_clip2
805,9,0,0,0,0,0,0,0,1,0,0,0,1,0,0,0,0,0,0,no_country_clip2
806,9,0,0,0,0,0,0,0,1,0,0,0,1,0,0,0,0,0,0,no_country_clip2
807,9,0,0,0,0,0,0,0,1,0,0,0,1,0,0,0,0,0,0,no_country_clip2
808,9,0,0,0,0,0,0,0,1,0,0,0,1,0,0,0,0,0,0,no_country_clip2
809,9,0,0,0,0,0,0,0,1,0,0,0,1,0,0,0,0,0,0,no_country_clip2
810,9,0,0,0,0,0,0,0,1,0,0,0,1,0,0,0,0,0,0,no_country_clip2
811,9,0,0,0,0,1,0,0,1,0,0,0,1,0,0,0,0,0,0,no_country_clip2
812,9,0,0,0,0,1,0,0,1,0,0,0,1,0,0,0,0,0,0,no_country_clip2
813,9,0,0,0,0,1,0,0,1,0,0,0,1,0,0,0,0,0,0,no_country_clip2
814,9,0,0,0,0,1,0,0,1,0,0,0,1,0,0,0,0,0,0,no_country_clip2
815,9,0,0,0,0,1,0,0,1,0,0,0,1,0,0,0,0,0,0,no_country_clip2
816,9,0,0,0,0,1,0,0,1,0,0,0,1,0,0,0,0,0,0,no_country_clip2
817,9,0,0,0,0,1,0,0,1,0,0,0,1,0,0,0,0,0,0,no_country_clip2
818,9,0,0,0,0,1,0,0,1,0,0,0,1,0,0,0,0,0,0,no_country_clip2
819,9,0,0,0,0,1,0,0,1,0,0,0,1,0,0,0,0,0,0,no_country_clip2
820,9,0,0,0,0,1,0,0,1,0,0,0,1,0,0,0,0,0,0,no_country_clip2
821,9,0,0,0,0,1,0,0,1,0,0,0,1,0,0,0,0,0,0,no_country_clip2
822,9,0,0,0,0,1,0,0,1,0,0,0,1,0,0,0,0,0,0,no_country_clip2
823,9,0,0,0,0,1,0,0,1,0,0,0,1,0,0,0,0,0,0,no_country_clip2
824,9,0,0,0,0,1,0,0,1,0,0,0,1,0,0,0,0,0,0,no_country_clip2
825,9,0,0,1,0,1,0,0,1,0,0,0,1,0,0,0,0,0,0,no_country_clip2
826,10,0,0,1,0,1,0,0,1,0,0,0,0,0,0,0,0,0,0,no_country_clip2
827,10,0,0,0,0,1,0,0,1,0,0,0,0,0,0,0,0,0,0,no_country_clip2
828,10,0,0,0,0,1,0,0,1,0,0,0,0,0,0,0,0,0,0,no_country_clip2
829,10,0,0,0,0,1,0,0,1,0,0,0,0,0,0,0,0,0,0,no_country_clip2
830,10,0,0,0,0,1,0,0,1,0,0,0,0,0,0,0,0,0,0,no_country_clip2
831,10,0,0,0,0,1,0,0,1,0,0,0,0,0,0,0,0,0,0,no_country_clip2
832,10,0,0,0,0,1,0,0,1,0,0,0,0,0,0,0,0,0,0,no_country_clip2
833,10,0,0,0,0,1,0,0,1,0,0,0,0,0,0,0,0,0,0,no_country_clip2
834,10,0,0,0,0,1,0,0,1,0,0,0,0,0,0,0,0,0,0,no_country_clip2
835,10,0,0,0,0,1,0,0,1,0,0,0,0,0,0,0,0,0,0,no_country_clip2
836,10,0,0,0,0,1,0,0,1,0,0,0,0,0,0,0,0,0,0,no_country_clip2
837,10,0,0,0,0,1,0,0,1,0,0,0,0,0,0,0,0,0,0,no_country_clip2
838,10,0,0,0,0,1,0,0,1,0,0,0,0,0,0,0,0,0,0,no_country_clip2
839,10,0,0,0,0,1,0,0,1,0,0,0,0,0,0,0,0,0,0,no_country_clip2
840,10,0,0,0,0,1,0,0,1,0,0,0,0,0,0,0,0,0,0,no_country_clip2
841,10,0,0,0,0,1,0,0,1,0,0,0,0,0,0,0,0,0,0,no_country_clip2
842,10,0,0,0,0,1,0,0,1,0,0,0,0,0,0,0,0,0,0,no_country_clip2
843,10,0,0,0,0,1,0,0,1,0,0,0,0,0,0,0,0,0,0,no_country_clip2
844,10,0,0,0,0,1,0,0,1,0,0,0,0,0,0,0,0,0,0,no_country_clip2
845,10,0,0,0,0,1,0,0,1,0,0,0,0,0,0,0,0,0,0,no_country_clip2
846,10,0,0,0,0,1,0,0,1,0,0,0,0,0,0,0,0,0,0,no_country_clip2
847,10,0,0,0,0,1,0,0,1,0,0,0,0,0,0,0,0,0,0,no_country_clip2
848,10,0,0,0,0,1,0,0,1,0,0,0,0,0,0,0,0,0,0,no_country_clip2
849,10,0,0,0,0,1,0,0,1,0,0,0,0,0,0,0,0,0,0,no_country_clip2
850,10,0,0,0,0,1,0,0,1,0,0,0,0,0,0,0,0,0,0,no_country_clip2
851,10,0,0,0,0,1,0,0,1,0,0,0,0,0,0,0,0,0,0,no_country_clip2
852,10,0,0,0,0,1,0,0,1,0,0,0,0,0,0,0,0,0,0,no_country_clip2
853,10,0,0,0,0,1,0,0,1,0,0,0,0,0,0,0,0,0,0,no_country_clip2
854,10,0,0,0,0,1,0,0,1,0,0,0,0,0,0,0,0,0,0,no_country_clip2
855,10,0,0,0,0,1,0,0,1,0,0,0,0,0,0,0,0,0,0,no_country_clip2
856,10,0,0,0,0,1,0,0,1,0,0,0,0,0,0,0,0,0,0,no_country_clip2
857,10,0,0,0,0,1,0,0,1,0,0,0,0,0,0,0,0,0,0,no_country_clip2
858,10,0,0,0,0,1,0,0,1,0,0,0,0,0,0,0,0,0,0,no_country_clip2
859,10,0,0,0,0,1,0,0,1,0,0,0,0,0,0,0,0,0,0,no_country_clip2
860,10,0,0,0,0,1,0,0,1,0,0,0,0,0,0,0,0,0,0,no_country_clip2
861,10,0,0,0,0,1,0,0,1,0,0,0,0,0,0,0,0,0,0,no_country_clip2
862,10,0,0,0,0,1,0,0,1,0,0,0,0,0,0,0,0,0,0,no_country_clip2
863,10,0,0,0,0,1,0,0,1,0,0,0,0,0,0,0,0,0,0,no_country_clip2
864,10,0,0,0,0,1,0,0,1,0,0,0,0,0,0,0,0,0,0,no_country_clip2
865,10,0,0,0,0,1,0,0,1,0,0,0,0,0,0,0,0,0,0,no_country_clip2
866,10,0,0,0,0,1,0,0,1,0,0,0,0,0,0,0,0,0,0,no_country_clip2
867,10,0,0,0,0,1,0,0,1,0,0,0,0,0,0,0,0,0,0,no_country_clip2
868,10,0,0,0,0,1,0,0,1,0,0,0,0,0,0,0,0,0,0,no_country_clip2
869,10,0,0,0,0,1,0,0,1,0,0,0,0,0,0,0,0,0,0,no_country_clip2
870,10,0,0,0,0,0,0,0,1,0,0,0,0,0,0,0,0,0,0,no_country_clip2
871,10,0,0,0,0,0,0,0,1,0,0,0,0,0,0,0,0,0,0,no_country_clip2
872,10,0,0,0,0,0,0,0,1,0,0,0,0,0,0,0,0,0,0,no_country_clip2
873,10,0,0,0,0,0,0,0,1,0,0,0,0,0,0,0,0,0,0,no_country_clip2
874,10,0,0,0,0,0,0,0,1,0,0,0,0,0,0,0,0,0,0,no_country_clip2
875,10,0,0,0,0,0,0,0,1,0,0,0,0,0,0,0,0,0,0,no_country_clip2
876,10,0,0,0,0,1,0,0,1,0,0,0,0,0,0,0,0,0,0,no_country_clip2
877,10,0,0,0,0,1,0,0,1,0,0,0,0,0,0,0,0,0,0,no_country_clip2
878,10,0,0,0,0,1,0,0,1,0,0,0,0,0,0,0,0,0,0,no_country_clip2
879,10,0,0,0,0,1,0,0,1,0,0,0,0,0,0,0,0,0,0,no_country_clip2
880,10,0,0,0,0,1,0,0,1,0,0,0,0,0,0,0,0,0,0,no_country_clip2
881,10,0,0,0,0,1,0,0,1,0,0,0,0,0,0,0,0,0,0,no_country_clip2
882,10,0,0,1,0,1,0,0,1,0,0,0,0,0,0,0,0,0,0,no_country_clip2
883,11,0,0,1,0,1,0,1,0,0,0,0,0,0,0,0,0,0,0,no_country_clip2
884,11,0,0,0,0,1,0,1,0,0,0,0,0,0,0,0,0,0,0,no_country_clip2
885,11,0,0,0,0,1,0,1,0,0,0,0,0,0,0,0,0,0,0,no_country_clip2
886,11,0,0,0,0,1,0,1,0,0,0,0,0,0,0,0,0,0,0,no_country_clip2
887,11,0,0,0,0,1,0,1,0,0,0,0,0,0,0,0,0,0,0,no_country_clip2
888,11,0,0,0,0,1,0,1,0,0,0,0,0,0,0,0,0,0,0,no_country_clip2
889,11,0,0,0,0,1,0,1,0,0,0,0,0,0,0,0,0,0,0,no_country_clip2
890,11,0,0,0,0,1,0,1,0,0,0,0,0,0,0,0,0,0,0,no_country_clip2
891,11,0,0,0,0,1,0,1,0,0,0,0,0,0,0,0,0,0,0,no_country_clip2
892,11,0,0,0,0,1,0,1,0,0,0,0,0,0,0,0,0,0,0,no_country_clip2
893,11,0,0,0,0,1,0,1,0,0,0,0,0,0,0,0,0,0,0,no_country_clip2
894,11,0,0,0,0,1,0,1,0,0,0,0,0,0,0,0,0,0,0,no_country_clip2
895,11,0,0,0,0,1,0,1,0,0,0,0,0,0,0,0,0,0,0,no_country_clip2
896,11,0,0,0,0,1,0,1,0,0,0,0,0,0,0,0,0,0,0,no_country_clip2
897,11,0,0,0,0,1,0,1,0,0,0,0,0,0,0,0,0,0,0,no_country_clip2
898,11,0,0,0,0,1,0,1,0,0,0,0,0,0,0,0,0,0,0,no_country_clip2
899,11,0,0,0,0,1,0,1,0,0,0,0,0,0,0,0,0,0,0,no_country_clip2
900,11,0,0,0,0,1,0,1,0,0,0,0,0,0,0,0,0,0,0,no_country_clip2
901,11,0,0,0,0,1,0,1,0,0,0,0,0,0,0,0,0,0,0,no_country_clip2
902,11,0,0,0,0,1,0,1,0,0,0,0,0,0,0,0,0,0,0,no_country_clip2
903,11,0,0,0,0,1,0,1,0,0,0,0,0,0,0,0,0,0,0,no_country_clip2
904,11,0,0,0,0,1,0,1,0,0,0,0,0,0,0,0,0,0,0,no_country_clip2
905,11,0,0,0,0,1,0,1,0,0,0,0,0,0,0,0,0,0,0,no_country_clip2
906,11,0,0,0,0,1,0,1,0,0,0,0,0,0,0,0,0,0,0,no_country_clip2
907,11,0,0,0,0,1,0,1,0,0,0,0,0,0,0,0,0,0,0,no_country_clip2
908,11,0,0,0,0,1,0,1,0,0,0,0,0,0,0,0,0,0,0,no_country_clip2
909,11,0,0,0,0,1,0,1,0,0,0,0,0,0,0,0,0,0,0,no_country_clip2
910,11,0,0,0,0,1,0,1,0,0,0,0,0,0,0,0,0,0,0,no_country_clip2
911,11,0,0,0,0,1,0,1,0,0,0,0,0,0,0,0,0,0,0,no_country_clip2
912,11,0,0,0,0,1,0,1,0,0,0,0,0,0,0,0,0,0,0,no_country_clip2
913,11,0,0,0,0,1,0,1,0,0,0,0,0,0,0,0,0,0,0,no_country_clip2
914,11,0,0,0,0,1,0,1,0,0,0,0,0,0,0,0,0,0,0,no_country_clip2
915,11,0,0,0,0,1,0,1,0,0,0,0,0,0,0,0,0,0,0,no_country_clip2
916,11,0,0,0,0,1,0,1,0,0,0,0,0,0,0,0,0,0,0,no_country_clip2
917,11,0,0,0,0,1,0,1,0,0,0,0,0,0,0,0,0,0,0,no_country_clip2
918,11,0,0,0,0,1,0,1,0,0,0,0,0,0,0,0,0,0,0,no_country_clip2
919,11,0,0,0,0,1,0,1,0,0,0,0,0,0,0,0,0,0,0,no_country_clip2
920,11,0,0,0,0,1,0,1,0,0,0,0,0,0,0,0,0,0,0,no_country_clip2
921,11,0,0,0,0,1,0,1,0,0,0,0,0,0,0,0,0,0,0,no_country_clip2
922,11,0,0,0,0,1,0,1,0,0,0,0,0,0,0,0,0,0,0,no_country_clip2
923,11,0,0,0,0,1,0,1,0,0,0,0,0,0,0,0,0,0,0,no_country_clip2
924,11,0,0,0,0,1,0,1,0,0,0,0,0,0,0,0,0,0,0,no_country_clip2
925,11,0,0,0,0,1,0,1,0,0,0,0,0,0,0,0,0,0,0,no_country_clip2
926,11,0,0,0,0,1,0,1,0,0,0,0,0,0,0,0,0,0,0,no_country_clip2
927,11,0,0,0,0,1,0,1,0,0,0,0,0,0,0,0,0,0,0,no_country_clip2
928,11,0,0,0,0,1,0,1,0,0,0,0,0,0,0,0,0,0,0,no_country_clip2
929,11,0,0,0,0,1,0,1,0,0,0,0,0,0,0,0,0,0,0,no_country_clip2
930,11,0,0,0,0,1,0,1,0,0,0,0,0,0,0,0,0,0,0,no_country_clip2
931,11,0,0,0,0,1,0,1,0,0,0,0,0,0,0,0,0,0,0,no_country_clip2
932,11,0,0,0,0,1,0,1,0,0,0,0,0,0,0,0,0,0,0,no_country_clip2
933,11,0,0,0,0,1,0,1,0,0,0,0,0,0,0,0,0,0,0,no_country_clip2
934,11,0,0,0,0,1,0,1,0,0,0,0,0,0,0,0,0,0,0,no_country_clip2
935,11,0,0,0,0,1,0,1,0,0,0,0,0,0,0,0,0,0,0,no_country_clip2
936,11,0,0,0,0,1,0,1,0,0,0,0,0,0,0,0,0,0,0,no_country_clip2
937,11,0,0,0,0,1,0,1,0,0,0,0,0,0,0,0,0,0,0,no_country_clip2
938,11,0,0,0,0,1,0,1,0,0,0,0,0,0,0,0,0,0,0,no_country_clip2
939,11,0,0,0,0,1,0,1,0,0,0,0,0,0,0,0,0,0,0,no_country_clip2
940,11,0,0,0,0,1,0,1,0,0,0,0,0,0,0,0,0,0,0,no_country_clip2
941,11,0,0,0,0,1,0,1,0,0,0,0,0,0,0,0,0,0,0,no_country_clip2
942,11,0,0,0,0,1,0,1,0,0,0,0,0,0,0,0,0,0,0,no_country_clip2
943,11,0,0,0,0,1,0,1,0,0,0,0,0,0,0,0,0,0,0,no_country_clip2
944,11,0,0,0,0,1,0,1,0,0,0,0,0,0,0,0,0,0,0,no_country_clip2
945,11,0,0,0,0,1,0,1,0,0,0,0,0,0,0,0,0,0,0,no_country_clip2
946,11,0,0,0,0,1,0,1,0,0,0,0,0,0,0,0,0,0,0,no_country_clip2
947,11,0,0,0,0,1,0,1,0,0,0,0,0,0,0,0,0,0,0,no_country_clip2
948,11,0,0,0,0,1,0,1,0,0,0,0,0,0,0,0,0,0,0,no_country_clip2
949,11,0,0,1,1,0,0,1,0,0,0,0,0,0,0,0,0,0,0,no_country_clip2
950,12,0,0,1,1,0,0,1,0,0,0,0,0,0,0,0,0,0,0,no_country_clip2
951,12,0,0,0,1,0,0,1,0,0,0,0,0,0,0,0,0,0,0,no_country_clip2
952,12,0,0,0,1,0,0,1,0,0,0,0,0,0,0,0,0,0,0,no_country_clip2
953,12,0,0,0,1,0,0,1,0,0,0,0,0,0,0,0,0,0,0,no_country_clip2
954,12,0,0,0,1,0,0,1,0,0,0,0,0,0,0,0,0,0,0,no_country_clip2
955,12,0,0,0,1,0,0,1,0,0,0,0,0,0,0,0,0,0,0,no_country_clip2
956,12,0,0,0,1,0,0,1,0,0,0,0,0,0,0,0,0,0,0,no_country_clip2
957,12,0,0,0,1,0,0,1,0,0,0,0,0,0,0,0,0,0,0,no_country_clip2
958,12,0,0,0,1,0,0,1,0,0,0,0,0,0,0,0,0,0,0,no_country_clip2
959,12,0,0,0,1,0,0,1,0,0,0,0,0,0,0,0,0,0,0,no_country_clip2
960,12,0,0,0,1,0,0,1,0,0,0,0,0,0,0,0,0,0,0,no_country_clip2
961,12,0,0,0,1,0,0,1,0,0,0,0,0,0,0,0,0,0,0,no_country_clip2
962,12,0,0,0,1,0,0,1,0,0,0,0,0,0,0,0,0,0,0,no_country_clip2
963,12,0,0,0,1,0,0,1,0,0,0,0,0,0,0,0,0,0,0,no_country_clip2
964,12,0,0,0,1,0,0,1,0,0,0,0,0,0,0,0,0,0,0,no_country_clip2
965,12,0,0,0,1,0,0,1,0,0,0,0,0,0,0,0,0,0,0,no_country_clip2
966,12,0,0,0,1,0,0,1,0,0,0,0,0,0,0,0,0,0,0,no_country_clip2
967,12,0,0,0,1,0,0,1,0,0,0,0,0,0,0,0,0,0,0,no_country_clip2
968,12,0,0,0,1,0,0,1,0,0,0,0,0,0,0,0,0,0,0,no_country_clip2
969,12,0,0,0,1,0,0,1,0,0,0,0,0,0,0,0,0,0,0,no_country_clip2
970,12,0,0,0,1,0,0,1,0,0,0,0,0,0,0,0,0,0,0,no_country_clip2
971,12,0,0,0,1,0,0,1,0,0,0,0,0,0,0,0,0,0,0,no_country_clip2
972,12,0,0,0,1,0,0,1,0,0,0,0,0,0,0,0,0,0,0,no_country_clip2
973,12,0,0,0,1,0,0,1,0,0,0,0,0,0,0,0,0,0,0,no_country_clip2
974,12,0,0,0,1,0,0,1,0,0,0,0,0,0,0,0,0,0,0,no_country_clip2
975,12,0,0,0,1,0,0,1,0,0,0,0,0,0,0,0,0,0,0,no_country_clip2
976,12,0,0,0,1,0,0,1,0,0,0,0,0,0,0,0,0,0,0,no_country_clip2
977,12,0,0,0,0,0,0,1,0,0,0,0,0,0,0,0,0,0,0,no_country_clip2
978,12,0,0,0,0,0,0,1,0,0,0,0,0,0,0,0,0,0,0,no_country_clip2
979,12,0,0,0,0,0,0,1,0,0,0,0,0,0,0,0,0,0,0,no_country_clip2
980,12,0,0,0,0,0,0,1,0,0,0,0,0,0,0,0,0,0,0,no_country_clip2
981,12,0,0,0,0,0,0,1,0,0,0,0,0,0,0,0,0,0,0,no_country_clip2
982,12,0,0,0,0,0,0,1,0,0,0,0,0,0,0,0,0,0,0,no_country_clip2
983,12,0,0,0,0,0,0,1,0,0,0,0,0,0,0,0,0,0,0,no_country_clip2
984,12,0,0,0,0,0,0,1,0,0,0,0,0,0,0,0,0,0,0,no_country_clip2
985,12,0,0,0,0,0,0,1,0,0,0,0,0,0,0,0,0,0,0,no_country_clip2
986,12,0,0,0,0,0,0,1,0,0,0,0,0,0,0,0,0,0,0,no_country_clip2
987,12,0,0,0,0,0,0,1,0,0,0,0,0,0,0,0,0,0,0,no_country_clip2
988,12,0,0,0,0,0,0,1,0,0,0,0,0,0,0,0,0,0,0,no_country_clip2
989,12,0,0,0,0,0,0,1,0,0,0,0,0,0,0,0,0,0,0,no_country_clip2
990,12,0,0,0,0,0,0,1,0,0,0,0,0,0,0,0,0,0,0,no_country_clip2
991,12,0,0,0,0,0,0,1,0,0,0,0,0,0,0,0,0,0,0,no_country_clip2
992,12,0,0,0,0,0,0,1,0,0,0,0,0,0,0,0,0,0,0,no_country_clip2
993,12,0,0,0,0,0,0,1,0,0,0,0,0,0,0,0,0,0,0,no_country_clip2
994,12,0,0,0,0,0,0,1,0,0,0,0,0,0,0,0,0,0,0,no_country_clip2
995,12,0,0,0,0,0,0,1,0,0,0,0,0,0,0,0,0,0,0,no_country_clip2
996,12,0,0,0,0,0,0,1,0,0,0,0,0,0,0,0,0,0,0,no_country_clip2
997,12,0,0,0,0,0,0,1,0,0,0,0,0,0,0,0,0,0,0,no_country_clip2
998,12,0,0,0,0,0,0,1,0,0,0,0,0,0,0,0,0,0,0,no_country_clip2
999,12,0,0,0,0,0,0,1,0,0,0,0,0,0,0,0,0,0,0,no_country_clip2
1000,12,0,0,0,0,0,0,1,0,0,0,0,0,0,0,0,0,0,0,no_country_clip2
1001,12,0,0,0,0,0,0,1,0,0,0,0,0,0,0,0,0,0,0,no_country_clip2
1002,12,0,0,0,0,0,0,1,0,0,0,0,0,0,0,0,0,0,0,no_country_clip2
1003,12,0,0,0,0,0,0,1,0,0,0,0,0,0,0,0,0,0,0,no_country_clip2
1004,12,0,0,0,0,0,0,1,0,0,0,0,0,0,0,0,0,0,0,no_country_clip2
1005,12,0,0,0,0,0,0,1,0,0,0,0,0,0,0,0,0,0,0,no_country_clip2
1006,12,0,0,0,0,0,0,1,0,0,0,0,0,0,0,0,0,0,0,no_country_clip2
1007,12,0,0,0,0,0,0,1,0,0,0,0,0,0,0,0,0,0,0,no_country_clip2
1008,12,0,0,0,0,0,0,1,0,0,0,0,0,0,0,0,0,0,0,no_country_clip2
1009,12,0,0,0,0,0,0,1,0,0,0,0,0,0,0,0,0,0,0,no_country_clip2
1010,12,0,0,0,0,0,0,1,0,0,0,0,0,0,0,0,0,0,0,no_country_clip2
1011,12,0,0,0,0,0,0,1,0,0,0,0,0,0,0,0,0,0,0,no_country_clip2
1012,12,0,0,0,0,0,0,1,0,0,0,0,0,0,0,0,0,0,0,no_country_clip2
1013,12,0,0,0,0,0,0,1,0,0,0,0,0,0,0,0,0,0,0,no_country_clip2
1014,12,0,0,0,0,1,0,1,0,0,0,0,0,0,0,0,0,0,0,no_country_clip2
1015,12,0,0,0,0,1,0,1,0,0,0,0,0,0,0,0,0,0,0,no_country_clip2
1016,12,0,0,0,0,1,0,1,0,0,0,0,0,0,0,0,0,0,0,no_country_clip2
1017,12,0,0,0,0,1,0,1,0,0,0,0,0,0,0,0,0,0,0,no_country_clip2
1018,12,0,0,0,0,1,0,1,0,0,0,0,0,0,0,0,0,0,0,no_country_clip2
1019,12,0,0,0,0,1,0,1,0,0,0,0,0,0,0,0,0,0,0,no_country_clip2
1020,12,0,0,0,0,1,0,1,0,0,0,0,0,0,0,0,0,0,0,no_country_clip2
1021,12,0,0,0,0,1,0,1,0,0,0,0,0,0,0,0,0,0,0,no_country_clip2
1022,12,0,0,0,0,1,0,1,0,0,0,0,0,0,0,0,0,0,0,no_country_clip2
1023,12,0,0,0,0,1,0,1,0,0,0,0,0,0,0,0,0,0,0,no_country_clip2
1024,12,0,0,0,0,1,0,1,0,0,0,0,0,0,0,0,0,0,0,no_country_clip2
1025,12,0,0,0,0,1,0,1,0,0,0,0,0,0,0,0,0,0,0,no_country_clip2
1026,12,0,0,0,0,1,0,1,0,0,0,0,0,0,0,0,0,0,0,no_country_clip2
1027,12,0,0,0,0,1,0,1,0,0,0,0,0,0,0,0,0,0,0,no_country_clip2
1028,12,0,0,0,0,1,0,1,0,0,0,0,0,0,0,0,0,0,0,no_country_clip2
1029,12,0,0,0,0,1,0,1,0,0,0,0,0,0,0,0,0,0,0,no_country_clip2
1030,12,0,0,0,0,1,0,1,0,0,0,0,0,0,0,0,0,0,0,no_country_clip2
1031,12,0,0,0,0,1,0,1,0,0,0,0,0,0,0,0,0,0,0,no_country_clip2
1032,12,0,0,0,0,1,0,1,0,0,0,0,0,0,0,0,0,0,0,no_country_clip2
1033,12,0,0,0,0,1,0,1,0,0,0,0,0,0,0,0,0,0,0,no_country_clip2
1034,12,0,0,0,0,1,0,1,0,0,0,0,0,0,0,0,0,0,0,no_country_clip2
1035,12,0,0,0,0,1,0,1,0,0,0,0,0,0,0,0,0,0,0,no_country_clip2
1036,12,0,0,0,0,1,0,1,0,0,0,0,0,0,0,0,0,0,0,no_country_clip2
1037,12,0,0,0,0,1,0,1,0,0,0,0,0,0,0,0,0,0,0,no_country_clip2
1038,12,0,0,0,0,1,0,1,0,0,0,0,0,0,0,0,0,0,0,no_country_clip2
1039,12,0,0,0,0,1,0,1,0,0,0,0,0,0,0,0,0,0,0,no_country_clip2
1040,12,0,0,0,0,1,0,1,0,0,0,0,0,0,0,0,0,0,0,no_country_clip2
1041,12,0,0,0,0,1,0,1,0,0,0,0,0,0,0,0,0,0,0,no_country_clip2
1042,12,0,0,0,0,1,0,1,0,0,0,0,0,0,0,0,0,0,0,no_country_clip2
1043,12,0,0,0,0,1,0,1,0,0,0,0,0,0,0,0,0,0,0,no_country_clip2
1044,12,0,0,0,0,1,0,1,0,0,0,0,0,0,0,0,0,0,0,no_country_clip2
1045,12,0,0,0,0,1,0,1,0,0,0,0,0,0,0,0,0,0,0,no_country_clip2
1046,12,0,0,0,0,1,0,1,0,0,0,0,0,0,0,0,0,0,0,no_country_clip2
1047,12,0,0,0,0,1,0,1,0,0,0,0,0,0,0,0,0,0,0,no_country_clip2
1048,12,0,0,0,0,1,0,1,0,0,0,0,0,0,0,0,0,0,0,no_country_clip2
1049,12,0,0,0,0,1,0,1,0,0,0,0,0,0,0,0,0,0,0,no_country_clip2
1050,12,0,0,0,0,1,0,1,0,0,0,0,0,0,0,0,0,0,0,no_country_clip2
1051,12,0,0,0,0,1,0,1,0,0,0,0,0,0,0,0,0,0,0,no_country_clip2
1052,12,0,0,0,0,1,0,1,0,0,0,0,0,0,0,0,0,0,0,no_country_clip2
1053,12,0,0,0,0,1,0,1,0,0,0,0,0,0,0,0,0,0,0,no_country_clip2
1054,12,0,0,0,0,1,0,1,0,0,0,0,0,0,0,0,0,0,0,no_country_clip2
1055,12,0,0,0,0,0,0,1,0,0,0,0,0,0,0,0,0,0,0,no_country_clip2
1056,12,0,0,0,0,0,0,1,0,0,0,0,0,0,0,0,0,0,0,no_country_clip2
1057,12,0,0,0,0,0,0,1,0,0,0,0,0,0,0,0,0,0,0,no_country_clip2
1058,12,0,0,0,0,0,0,1,0,0,0,0,0,0,0,0,0,0,0,no_country_clip2
1059,12,0,0,0,0,0,0,1,0,0,0,0,0,0,0,0,0,0,0,no_country_clip2
1060,12,0,0,0,0,0,0,1,0,0,0,0,0,0,0,0,0,0,0,no_country_clip2
1061,12,0,0,0,0,0,0,1,0,0,0,0,0,0,0,0,0,0,0,no_country_clip2
1062,12,0,0,0,0,0,0,1,0,0,0,0,0,0,0,0,0,0,0,no_country_clip2
1063,12,0,0,0,0,0,0,1,0,0,0,0,0,0,0,0,0,0,0,no_country_clip2
1064,12,0,0,0,0,0,0,1,0,0,0,0,0,0,0,0,0,0,0,no_country_clip2
1065,12,0,0,0,0,0,0,1,0,0,0,0,0,0,0,0,0,0,0,no_country_clip2
1066,12,0,0,0,0,0,0,1,0,0,0,0,0,0,0,0,0,0,0,no_country_clip2
1067,12,0,0,0,0,0,0,1,0,0,0,0,0,0,0,0,0,0,0,no_country_clip2
1068,12,0,0,0,0,0,0,1,0,0,0,0,0,0,0,0,0,0,0,no_country_clip2
1069,12,0,0,0,0,0,0,1,0,0,0,0,0,0,0,0,0,0,0,no_country_clip2
1070,12,0,0,0,0,0,0,1,0,0,0,0,0,0,0,0,0,0,0,no_country_clip2
1071,12,0,0,0,0,0,0,1,0,0,0,0,0,0,0,0,0,0,0,no_country_clip2
1072,12,0,0,0,0,0,0,1,0,0,0,0,0,0,0,0,0,0,0,no_country_clip2
1073,12,0,0,0,0,0,0,1,0,0,0,0,0,0,0,0,0,0,0,no_country_clip2
1074,12,0,0,0,0,0,0,1,0,0,0,0,0,0,0,0,0,0,0,no_country_clip2
1075,12,0,0,0,0,0,0,1,0,0,0,0,0,0,0,0,0,0,0,no_country_clip2
1076,12,0,0,1,0,0,0,1,0,0,0,0,0,0,0,0,0,0,0,no_country_clip2
1077,13,0,0,1,0,0,0,1,0,0,0,0,0,0,0,0,0,0,0,no_country_clip2
1078,13,0,0,0,0,0,0,1,0,0,0,0,0,0,0,0,0,0,0,no_country_clip2
1079,13,0,0,0,0,0,0,1,0,0,0,0,0,0,0,0,0,0,0,no_country_clip2
1080,13,0,0,0,0,0,0,1,0,0,0,0,0,0,0,0,0,0,0,no_country_clip2
1081,13,0,0,0,0,0,0,1,0,0,0,0,0,0,0,0,0,0,0,no_country_clip2
1082,13,0,0,0,0,0,0,1,0,0,0,0,0,0,0,0,0,0,0,no_country_clip2
1083,13,0,0,0,0,0,0,1,0,0,0,0,0,0,0,0,0,0,0,no_country_clip2
1084,13,0,0,0,0,0,0,1,0,0,0,0,0,0,0,0,0,0,0,no_country_clip2
1085,13,0,0,0,0,0,0,1,0,0,0,0,0,0,0,0,0,0,0,no_country_clip2
1086,13,0,0,0,0,0,0,1,0,0,0,0,0,0,0,0,0,0,0,no_country_clip2
1087,13,0,0,0,0,0,0,1,0,0,0,0,0,0,0,0,0,0,0,no_country_clip2
1088,13,0,0,0,0,0,0,1,0,0,0,0,0,0,0,0,0,0,0,no_country_clip2
1089,13,0,0,0,0,0,0,1,0,0,0,0,0,0,0,0,0,0,0,no_country_clip2
1090,13,0,0,0,0,0,0,1,0,0,0,0,0,0,0,0,0,0,0,no_country_clip2
1091,13,0,0,0,0,0,0,1,0,0,0,0,0,0,0,0,0,0,0,no_country_clip2
1092,13,0,0,0,0,0,0,1,0,0,0,0,0,0,0,0,0,0,0,no_country_clip2
1093,13,0,0,0,0,0,0,1,0,0,0,0,0,0,0,0,0,0,0,no_country_clip2
1094,13,0,0,0,0,0,0,1,0,0,0,0,0,0,0,0,0,0,0,no_country_clip2
1095,13,0,0,0,0,0,0,1,0,0,0,0,0,0,0,0,0,0,0,no_country_clip2
1096,13,0,0,0,0,0,0,1,0,0,0,0,0,0,0,0,0,0,0,no_country_clip2
1097,13,0,0,0,0,0,0,1,0,0,0,0,0,0,0,0,0,0,0,no_country_clip2
1098,13,0,0,0,0,0,0,1,0,0,0,0,0,0,0,0,0,0,0,no_country_clip2
1099,13,0,0,0,0,0,0,1,0,0,0,0,0,0,0,0,0,0,0,no_country_clip2
1100,13,0,0,0,0,0,0,1,0,0,0,0,0,0,0,0,0,0,0,no_country_clip2
1101,13,0,0,0,0,0,0,1,0,0,0,0,0,0,0,0,0,0,0,no_country_clip2
1102,13,0,0,0,0,0,0,1,0,0,0,0,0,0,0,0,0,0,0,no_country_clip2
1103,13,0,0,0,0,0,0,1,0,0,0,0,0,0,0,0,0,0,0,no_country_clip2
1104,13,0,0,0,0,0,0,1,0,0,0,0,0,0,0,0,0,0,0,no_country_clip2
1105,13,0,0,0,0,0,0,1,0,0,0,0,0,0,0,0,0,0,0,no_country_clip2
1106,13,0,0,0,0,0,0,1,0,0,0,0,0,0,0,0,0,0,0,no_country_clip2
1107,13,0,0,0,0,0,0,1,0,0,0,0,0,0,0,0,0,0,0,no_country_clip2
1108,13,0,0,0,0,0,0,1,0,0,0,0,0,0,0,0,0,0,0,no_country_clip2
1109,13,0,0,0,0,1,0,1,0,0,0,0,0,0,0,0,0,0,0,no_country_clip2
1110,13,0,0,0,0,1,0,1,0,0,0,0,0,0,0,0,0,0,0,no_country_clip2
1111,13,0,0,0,0,1,0,1,0,0,0,0,0,0,0,0,0,0,0,no_country_clip2
1112,13,0,0,0,0,1,0,1,0,0,0,0,0,0,0,0,0,0,0,no_country_clip2
1113,13,0,0,0,0,1,0,1,0,0,0,0,0,0,0,0,0,0,0,no_country_clip2
1114,13,0,0,0,0,1,0,1,0,0,0,0,0,0,0,0,0,0,0,no_country_clip2
1115,13,0,0,0,0,1,0,1,0,0,0,0,0,0,0,0,0,0,0,no_country_clip2
1116,13,0,0,0,0,1,0,1,0,0,0,0,0,0,0,0,0,0,0,no_country_clip2
1117,13,0,0,0,0,1,0,1,0,0,0,0,0,0,0,0,0,0,0,no_country_clip2
1118,13,0,0,0,0,1,0,1,0,0,0,0,0,0,0,0,0,0,0,no_country_clip2
1119,13,0,0,0,0,1,0,1,0,0,0,0,0,0,0,0,0,0,0,no_country_clip2
1120,13,0,0,0,0,1,0,1,0,0,0,0,0,0,0,0,0,0,0,no_country_clip2
1121,13,0,0,0,0,1,0,1,0,0,0,0,0,0,0,0,0,0,0,no_country_clip2
1122,13,0,0,0,0,1,0,1,0,0,0,0,0,0,0,0,0,0,0,no_country_clip2
1123,13,0,0,0,0,1,0,1,0,0,0,0,0,0,0,0,0,0,0,no_country_clip2
1124,13,0,0,0,0,1,0,1,0,0,0,0,0,0,0,0,0,0,0,no_country_clip2
1125,13,0,0,0,0,1,0,1,0,0,0,0,0,0,0,0,0,0,0,no_country_clip2
1126,13,0,0,0,0,0,0,1,0,0,0,0,0,0,0,0,0,0,0,no_country_clip2
1127,13,0,0,0,0,0,0,1,0,0,0,0,0,0,0,0,0,0,0,no_country_clip2
1128,13,0,0,0,0,0,0,1,0,0,0,0,0,0,0,0,0,0,0,no_country_clip2
1129,13,0,0,0,0,0,0,1,0,0,0,0,0,0,0,0,0,0,0,no_country_clip2
1130,13,0,0,0,0,0,0,1,0,0,0,0,0,0,0,0,0,0,0,no_country_clip2
1131,13,0,0,0,0,0,0,1,0,0,0,0,0,0,0,0,0,0,0,no_country_clip2
1132,13,0,0,0,1,0,0,1,0,0,0,0,0,0,0,0,0,0,0,no_country_clip2
1133,13,0,0,0,1,0,0,1,0,0,0,0,0,0,0,0,0,0,0,no_country_clip2
1134,13,0,0,0,1,0,0,1,0,0,0,0,0,0,0,0,0,0,0,no_country_clip2
1135,13,0,0,0,1,0,0,1,0,0,0,0,0,0,0,0,0,0,0,no_country_clip2
1136,13,0,0,0,1,0,0,1,0,0,0,0,0,0,0,0,0,0,0,no_country_clip2
1137,13,0,0,0,1,0,0,1,0,0,0,0,0,0,0,0,0,0,0,no_country_clip2
1138,13,0,0,0,1,0,0,1,0,0,0,0,0,0,0,0,0,0,0,no_country_clip2
1139,13,0,0,1,0,1,0,1,0,0,0,0,0,0,0,0,0,0,0,no_country_clip2
1140,14,0,0,1,0,1,0,1,0,0,0,0,0,0,0,0,0,0,0,no_country_clip2
1141,14,0,0,0,0,1,0,1,0,0,0,0,0,0,0,0,0,0,0,no_country_clip2
1142,14,0,0,0,0,1,0,1,0,0,0,0,0,0,0,0,0,0,0,no_country_clip2
1143,14,0,0,0,0,1,0,1,0,0,0,0,0,0,0,0,0,0,0,no_country_clip2
1144,14,0,0,0,0,1,0,1,0,0,0,0,0,0,0,0,0,0,0,no_country_clip2
1145,14,0,0,0,0,1,0,1,0,0,0,0,0,0,0,0,0,0,0,no_country_clip2
1146,14,0,0,0,0,1,0,1,0,0,0,0,0,0,0,0,0,0,0,no_country_clip2
1147,14,0,0,0,0,1,0,1,0,0,0,0,0,0,0,0,0,0,0,no_country_clip2
1148,14,0,0,0,0,1,0,1,0,0,0,0,0,0,0,0,0,0,0,no_country_clip2
1149,14,0,0,0,0,1,0,1,0,0,0,0,0,0,0,0,0,0,0,no_country_clip2
1150,14,0,0,0,0,1,0,1,0,0,0,0,0,0,0,0,0,0,0,no_country_clip2
1151,14,0,0,0,0,1,0,1,0,0,0,0,0,0,0,0,0,0,0,no_country_clip2
1152,14,0,0,0,0,1,0,1,0,0,0,0,0,0,0,0,0,0,0,no_country_clip2
1153,14,0,0,0,0,1,0,1,0,0,0,0,0,0,0,0,0,0,0,no_country_clip2
1154,14,0,0,0,0,1,0,1,0,0,0,0,0,0,0,0,0,0,0,no_country_clip2
1155,14,0,0,0,0,1,0,1,0,0,0,0,0,0,0,0,0,0,0,no_country_clip2
1156,14,0,0,0,0,1,0,1,0,0,0,0,0,0,0,0,0,0,0,no_country_clip2
1157,14,0,0,0,0,1,0,1,0,0,0,0,0,0,0,0,0,0,0,no_country_clip2
1158,14,0,0,0,0,1,0,1,0,0,0,0,0,0,0,0,0,0,0,no_country_clip2
1159,14,0,0,0,0,1,0,1,0,0,0,0,0,0,0,0,0,0,0,no_country_clip2
1160,14,0,0,0,0,1,0,1,0,0,0,0,0,0,0,0,0,0,0,no_country_clip2
1161,14,0,0,0,0,1,0,1,0,0,0,0,0,0,0,0,0,0,0,no_country_clip2
1162,14,0,0,0,0,1,0,1,0,0,0,0,0,0,0,0,0,0,0,no_country_clip2
1163,14,0,0,0,0,1,0,1,0,0,0,0,0,0,0,0,0,0,0,no_country_clip2
1164,14,0,0,0,0,1,0,1,0,0,0,0,0,0,0,0,0,0,0,no_country_clip2
1165,14,0,0,0,0,1,0,1,0,0,0,0,0,0,0,0,0,0,0,no_country_clip2
1166,14,0,0,0,0,1,0,1,0,0,0,0,0,0,0,0,0,0,0,no_country_clip2
1167,14,0,0,0,0,1,0,1,0,0,0,0,0,0,0,0,0,0,0,no_country_clip2
1168,14,0,0,0,0,0,0,1,0,0,0,0,0,0,0,0,0,0,0,no_country_clip2
1169,14,0,0,0,0,0,0,1,0,0,0,0,0,0,0,0,0,0,0,no_country_clip2
1170,14,0,0,0,0,0,0,1,0,0,0,0,0,0,0,0,0,0,0,no_country_clip2
1171,14,0,0,0,0,0,0,1,0,0,0,0,0,0,0,0,0,0,0,no_country_clip2
1172,14,0,0,0,0,0,0,1,0,0,0,0,0,0,0,0,0,0,0,no_country_clip2
1173,14,0,0,0,0,0,0,1,0,0,0,0,0,0,0,0,0,0,0,no_country_clip2
1174,14,0,0,0,0,0,0,1,0,0,0,0,0,0,0,0,0,0,0,no_country_clip2
1175,14,0,0,0,0,0,0,1,0,0,0,0,0,0,0,0,0,0,0,no_country_clip2
1176,14,0,0,0,0,0,0,1,0,0,0,0,0,0,0,0,0,0,0,no_country_clip2
1177,14,0,0,0,0,0,0,1,0,0,0,0,0,0,0,0,0,0,0,no_country_clip2
1178,14,0,0,0,0,0,0,1,0,0,0,0,0,0,0,0,0,0,0,no_country_clip2
1179,14,0,0,0,0,0,0,1,0,0,0,0,0,0,0,0,0,0,0,no_country_clip2
1180,14,0,0,0,0,0,0,1,0,0,0,0,0,0,0,0,0,0,0,no_country_clip2
1181,14,0,0,0,0,0,0,1,0,0,0,0,0,0,0,0,0,0,0,no_country_clip2
1182,14,0,0,0,0,0,0,1,0,0,0,0,0,0,0,0,0,0,0,no_country_clip2
1183,14,0,0,0,0,0,0,1,0,0,0,0,0,0,0,0,0,0,0,no_country_clip2
1184,14,0,0,0,0,0,0,1,0,0,0,0,0,0,0,0,0,0,0,no_country_clip2
1185,14,0,0,0,0,0,0,1,0,0,0,0,0,0,0,0,0,0,0,no_country_clip2
1186,14,0,0,0,0,0,0,1,0,0,0,0,0,0,0,0,0,0,0,no_country_clip2
1187,14,0,0,0,0,0,0,1,0,0,0,0,0,0,0,0,0,0,0,no_country_clip2
1188,14,0,0,0,0,0,0,1,0,0,0,0,0,0,0,0,0,0,0,no_country_clip2
1189,14,0,0,0,0,0,0,1,0,0,0,0,0,0,0,0,0,0,0,no_country_clip2
1190,14,0,0,0,0,0,0,1,0,0,0,0,0,0,0,0,0,0,0,no_country_clip2
1191,14,0,0,0,0,0,0,1,0,0,0,0,0,0,0,0,0,0,0,no_country_clip2
1192,14,0,0,0,0,0,0,1,0,0,0,0,0,0,0,0,0,0,0,no_country_clip2
1193,14,0,0,0,0,0,0,1,0,0,0,0,0,0,0,0,0,0,0,no_country_clip2
1194,14,0,0,0,0,0,0,1,0,0,0,0,0,0,0,0,0,0,0,no_country_clip2
1195,14,0,0,0,0,0,0,1,0,0,0,0,0,0,0,0,0,0,0,no_country_clip2
1196,14,0,0,0,0,0,0,1,0,0,0,0,0,0,0,0,0,0,0,no_country_clip2
1197,14,0,0,0,0,0,0,1,0,0,0,0,0,0,0,0,0,0,0,no_country_clip2
1198,14,0,0,0,0,0,0,1,0,0,0,0,0,0,0,0,0,0,0,no_country_clip2
1199,14,0,0,0,0,0,0,1,0,0,0,0,0,0,0,0,0,0,0,no_country_clip2
1200,14,0,0,0,0,0,0,1,0,0,0,0,0,0,0,0,0,0,0,no_country_clip2
1201,14,0,0,0,0,0,0,1,0,0,0,0,0,0,0,0,0,0,0,no_country_clip2
1202,14,0,0,0,0,0,0,1,0,0,0,0,0,0,0,0,0,0,0,no_country_clip2
1203,14,0,0,0,0,0,0,1,0,0,0,0,0,0,0,0,0,0,0,no_country_clip2
1204,14,0,0,0,0,0,0,1,0,0,0,0,0,0,0,0,0,0,0,no_country_clip2
1205,14,0,0,0,0,0,0,1,0,0,0,0,0,0,0,0,0,0,0,no_country_clip2
1206,14,0,0,0,0,0,0,1,0,0,0,0,0,0,0,0,0,0,0,no_country_clip2
1207,14,0,0,0,0,0,0,1,0,0,0,0,0,0,0,0,0,0,0,no_country_clip2
1208,14,0,0,0,0,0,0,1,0,0,0,0,0,0,0,0,0,0,0,no_country_clip2
1209,14,0,0,0,0,0,0,1,0,0,0,0,0,0,0,0,0,0,0,no_country_clip2
1210,14,0,0,0,0,0,0,1,0,0,0,0,0,0,0,0,0,0,0,no_country_clip2
1211,14,0,0,0,0,0,0,1,0,0,0,0,0,0,0,0,0,0,0,no_country_clip2
1212,14,0,0,0,0,0,0,1,0,0,0,0,0,0,0,0,0,0,0,no_country_clip2
1213,14,0,0,0,0,0,0,1,0,0,0,0,0,0,0,0,0,0,0,no_country_clip2
1214,14,0,0,0,0,0,0,1,0,0,0,0,0,0,0,0,0,0,0,no_country_clip2
1215,14,0,0,0,0,0,0,1,0,0,0,0,0,0,0,0,0,0,0,no_country_clip2
1216,14,0,0,0,0,0,0,1,0,0,0,0,0,0,0,0,0,0,0,no_country_clip2
1217,14,0,0,0,0,0,0,1,0,0,0,0,0,0,0,0,0,0,0,no_country_clip2
1218,14,0,0,0,0,0,0,1,0,0,0,0,0,0,0,0,0,0,0,no_country_clip2
1219,14,0,0,0,0,0,0,1,0,0,0,0,0,0,0,0,0,0,0,no_country_clip2
1220,14,0,0,0,0,0,0,1,0,0,0,0,0,0,0,0,0,0,0,no_country_clip2
1221,14,0,0,0,0,0,0,1,0,0,0,0,0,0,0,0,0,0,0,no_country_clip2
1222,14,0,0,0,0,0,0,1,0,0,0,0,0,0,0,0,0,0,0,no_country_clip2
1223,14,0,0,0,0,0,0,1,0,0,0,0,0,0,0,0,0,0,0,no_country_clip2
1224,14,0,0,0,0,0,0,1,0,0,0,0,0,0,0,0,0,0,0,no_country_clip2
1225,14,0,0,0,0,0,0,1,0,0,0,0,0,0,0,0,0,0,0,no_country_clip2
1226,14,0,0,0,0,0,0,1,0,0,0,0,0,0,0,0,0,0,0,no_country_clip2
1227,14,0,0,0,0,0,0,1,0,0,0,0,0,0,0,0,0,0,0,no_country_clip2
1228,14,0,0,0,0,0,0,1,0,0,0,0,0,0,0,0,0,0,0,no_country_clip2
1229,14,0,0,0,0,0,0,1,0,0,0,0,0,0,0,0,0,0,0,no_country_clip2
1230,14,0,0,0,0,0,0,1,0,0,0,0,0,0,0,0,0,0,0,no_country_clip2
1231,14,0,0,0,0,0,0,1,0,0,0,0,0,0,0,0,0,0,0,no_country_clip2
1232,14,0,0,0,0,0,0,1,0,0,0,0,0,0,0,0,0,0,0,no_country_clip2
1233,14,0,0,0,0,0,0,1,0,0,0,0,0,0,0,0,0,0,0,no_country_clip2
1234,14,0,0,0,0,0,0,1,0,0,0,0,0,0,0,0,0,0,0,no_country_clip2
1235,14,0,0,0,0,0,0,1,0,0,0,0,0,0,0,0,0,0,0,no_country_clip2
1236,14,0,0,0,0,0,0,1,0,0,0,0,0,0,0,0,0,0,0,no_country_clip2
1237,14,0,0,0,0,0,0,1,0,0,0,0,0,0,0,0,0,0,0,no_country_clip2
1238,14,0,0,0,0,0,0,1,0,0,0,0,0,0,0,0,0,0,0,no_country_clip2
1239,14,0,0,0,0,0,0,1,0,0,0,0,0,0,0,0,0,0,0,no_country_clip2
1240,14,0,0,0,0,0,0,1,0,0,0,0,0,0,0,0,0,0,0,no_country_clip2
1241,14,0,0,0,0,0,0,1,0,0,0,0,0,0,0,0,0,0,0,no_country_clip2
1242,14,0,0,0,0,0,0,1,0,0,0,0,0,0,0,0,0,0,0,no_country_clip2
1243,14,0,0,0,0,0,0,1,0,0,0,0,0,0,0,0,0,0,0,no_country_clip2
1244,14,0,0,0,0,0,0,1,0,0,0,0,0,0,0,0,0,0,0,no_country_clip2
1245,14,0,0,0,0,0,0,1,0,0,0,0,0,0,0,0,0,0,0,no_country_clip2
1246,14,0,0,0,0,0,0,1,0,0,0,0,0,0,0,0,0,0,0,no_country_clip2
1247,14,0,0,0,0,0,0,1,0,0,0,0,0,0,0,0,0,0,0,no_country_clip2
1248,14,0,0,0,0,0,0,1,0,0,0,0,0,0,0,0,0,0,0,no_country_clip2
1249,14,0,0,0,0,0,0,1,0,0,0,0,0,0,0,0,0,0,0,no_country_clip2
1250,14,0,0,0,0,0,0,1,0,0,0,0,0,0,0,0,0,0,0,no_country_clip2
1251,14,0,0,0,0,0,0,1,0,0,0,0,0,0,0,0,0,0,0,no_country_clip2
1252,14,0,0,0,0,0,0,1,0,0,0,0,0,0,0,0,0,0,0,no_country_clip2
1253,14,0,0,0,0,0,0,1,0,0,0,0,0,0,0,0,0,0,0,no_country_clip2
1254,14,0,0,0,0,0,0,1,0,0,0,0,0,0,0,0,0,0,0,no_country_clip2
1255,14,0,0,0,0,0,0,1,0,0,0,0,0,0,0,0,0,0,0,no_country_clip2
1256,14,0,0,0,0,0,0,1,0,0,0,0,0,0,0,0,0,0,0,no_country_clip2
1257,14,0,0,0,0,0,0,1,0,0,0,0,0,0,0,0,0,0,0,no_country_clip2
1258,14,0,0,0,0,0,0,1,0,0,0,0,0,0,0,0,0,0,0,no_country_clip2
1259,14,0,0,0,0,0,0,1,0,0,0,0,0,0,0,0,0,0,0,no_country_clip2
1260,14,0,0,0,0,0,0,1,0,0,0,0,0,0,0,0,0,0,0,no_country_clip2
1261,14,0,0,0,0,0,0,1,0,0,0,0,0,0,0,0,0,0,0,no_country_clip2
1262,14,0,0,0,0,0,0,1,0,0,0,0,0,0,0,0,0,0,0,no_country_clip2
1263,14,0,0,0,0,0,0,1,0,0,0,0,0,0,0,0,0,0,0,no_country_clip2
1264,14,0,0,0,0,0,0,1,0,0,0,0,0,0,0,0,0,0,0,no_country_clip2
1265,14,0,0,0,0,0,0,1,0,0,0,0,0,0,0,0,0,0,0,no_country_clip2
1266,14,0,0,0,0,0,0,1,0,0,0,0,0,0,0,0,0,0,0,no_country_clip2
1267,14,0,0,0,0,0,0,1,0,0,0,0,0,0,0,0,0,0,0,no_country_clip2
1268,14,0,0,0,0,0,0,1,0,0,0,0,0,0,0,0,0,0,0,no_country_clip2
1269,14,0,0,0,0,0,0,1,0,0,0,0,0,0,0,0,0,0,0,no_country_clip2
1270,14,0,0,0,0,0,0,1,0,0,0,0,0,0,0,0,0,0,0,no_country_clip2
1271,14,0,0,0,0,0,0,1,0,0,0,0,0,0,0,0,0,0,0,no_country_clip2
1272,14,0,0,0,0,0,0,1,0,0,0,0,0,0,0,0,0,0,0,no_country_clip2
1273,14,0,0,0,0,0,0,1,0,0,0,0,0,0,0,0,0,0,0,no_country_clip2
1274,14,0,0,0,0,0,0,1,0,0,0,0,0,0,0,0,0,0,0,no_country_clip2
1275,14,0,0,0,0,0,0,1,0,0,0,0,0,0,0,0,0,0,0,no_country_clip2
1276,14,0,0,0,0,0,0,1,0,0,0,0,0,0,0,0,0,0,0,no_country_clip2
1277,14,0,0,0,0,0,0,1,0,0,0,0,0,0,0,0,0,0,0,no_country_clip2
1278,14,0,0,0,0,0,0,1,0,0,0,0,0,0,0,0,0,0,0,no_country_clip2
1279,14,0,0,0,0,0,0,1,0,0,0,0,0,0,0,0,0,0,0,no_country_clip2
1280,14,0,0,0,0,0,0,1,0,0,0,0,0,0,0,0,0,0,0,no_country_clip2
1281,14,0,0,0,0,0,0,1,0,0,0,0,0,0,0,0,0,0,0,no_country_clip2
1282,14,0,0,0,0,0,0,1,0,0,0,0,0,0,0,0,0,0,0,no_country_clip2
1283,14,0,0,0,0,0,0,1,0,0,0,0,0,0,0,0,0,0,0,no_country_clip2
1284,14,0,0,0,0,0,0,1,0,0,0,0,0,0,0,0,0,0,0,no_country_clip2
1285,14,0,0,0,0,0,0,1,0,0,0,0,0,0,0,0,0,0,0,no_country_clip2
1286,14,0,0,0,0,0,0,1,0,0,0,0,0,0,0,0,0,0,0,no_country_clip2
1287,14,0,0,0,0,0,0,1,0,0,0,0,0,0,0,0,0,0,0,no_country_clip2
1288,14,0,0,0,0,0,0,1,0,0,0,0,0,0,0,0,0,0,0,no_country_clip2
1289,14,0,0,0,0,0,0,1,0,0,0,0,0,0,0,0,0,0,0,no_country_clip2
1290,14,0,0,0,0,0,0,1,0,0,0,0,0,0,0,0,0,0,0,no_country_clip2
1291,14,0,0,0,0,0,0,1,0,0,0,0,0,0,0,0,0,0,0,no_country_clip2
1292,14,0,0,0,0,0,0,1,0,0,0,0,0,0,0,0,0,0,0,no_country_clip2
1293,14,0,0,0,0,0,0,1,0,0,0,0,0,0,0,0,0,0,0,no_country_clip2
1294,14,0,0,0,0,0,0,1,0,0,0,0,0,0,0,0,0,0,0,no_country_clip2
1295,14,0,0,0,0,0,0,1,0,0,0,0,0,0,0,0,0,0,0,no_country_clip2
1296,14,0,0,0,0,0,0,1,0,0,0,0,0,0,0,0,0,0,0,no_country_clip2
1297,14,0,0,0,0,0,0,1,0,0,0,0,0,0,0,0,0,0,0,no_country_clip2
1298,14,0,0,0,0,0,0,1,0,0,0,0,0,0,0,0,0,0,0,no_country_clip2
1299,14,0,0,0,0,0,0,1,0,0,0,0,0,0,0,0,0,0,0,no_country_clip2
1300,14,0,0,0,0,0,0,1,0,0,0,0,0,0,0,0,0,0,0,no_country_clip2
1301,14,0,0,0,0,0,0,1,0,0,0,0,0,0,0,0,0,0,0,no_country_clip2
1302,14,0,0,0,0,0,0,1,0,0,0,0,0,0,0,0,0,0,0,no_country_clip2
1303,14,0,0,0,0,0,0,1,0,0,0,0,0,0,0,0,0,0,0,no_country_clip2
1304,14,0,0,0,0,0,0,1,0,0,0,0,0,0,0,0,0,0,0,no_country_clip2
1305,14,0,0,0,0,0,0,1,0,0,0,0,0,0,0,0,0,0,0,no_country_clip2
1306,14,0,0,0,0,0,0,1,0,0,0,0,0,0,0,0,0,0,0,no_country_clip2
1307,14,0,0,0,0,0,0,1,0,0,0,0,0,0,0,0,0,0,0,no_country_clip2
1308,14,0,0,0,0,0,0,1,0,0,0,0,0,0,0,0,0,0,0,no_country_clip2
1309,14,0,0,0,0,0,0,1,0,0,0,0,0,0,0,0,0,0,0,no_country_clip2
1310,14,0,0,0,0,0,0,1,0,0,0,0,0,0,0,0,0,0,0,no_country_clip2
1311,14,0,0,0,0,0,0,1,0,0,0,0,0,0,0,0,0,0,0,no_country_clip2
1312,14,0,0,0,0,0,0,1,0,0,0,0,0,0,0,0,0,0,0,no_country_clip2
1313,14,0,0,0,0,0,0,1,0,0,0,0,0,0,0,0,0,0,0,no_country_clip2
1314,14,0,0,0,0,0,0,1,0,0,0,0,0,0,0,0,0,0,0,no_country_clip2
1315,14,0,0,0,0,0,0,1,0,0,0,0,0,0,0,0,0,0,0,no_country_clip2
1316,14,0,0,0,0,0,0,1,0,0,0,0,0,0,0,0,0,0,0,no_country_clip2
1317,14,0,0,0,0,0,0,1,0,0,0,0,0,0,0,0,0,0,0,no_country_clip2
1318,14,0,0,0,0,0,0,1,0,0,0,0,0,0,0,0,0,0,0,no_country_clip2
1319,14,0,0,0,0,0,0,1,0,0,0,0,0,0,0,0,0,0,0,no_country_clip2
1320,14,0,0,0,0,0,0,1,0,0,0,0,0,0,0,0,0,0,0,no_country_clip2
1321,14,0,0,0,0,0,0,1,0,0,0,0,0,0,0,0,0,0,0,no_country_clip2
1322,14,0,0,0,0,0,0,1,0,0,0,0,0,0,0,0,0,0,0,no_country_clip2
1323,14,0,0,0,0,0,0,1,0,0,0,0,0,0,0,0,0,0,0,no_country_clip2
1324,14,0,0,0,0,0,0,1,0,0,0,0,0,0,0,0,0,0,0,no_country_clip2
1325,14,0,0,0,0,0,0,1,0,0,0,0,0,0,0,0,0,0,0,no_country_clip2
1326,14,0,0,0,0,0,0,1,0,0,0,0,0,0,0,0,0,0,0,no_country_clip2
1327,14,0,0,0,0,0,0,1,0,0,0,0,0,0,0,0,0,0,0,no_country_clip2
1328,14,0,0,0,0,0,0,1,0,0,0,0,0,0,0,0,0,0,0,no_country_clip2
1329,14,0,0,0,0,0,0,1,0,0,0,0,0,0,0,0,0,0,0,no_country_clip2
1330,14,0,0,0,0,0,0,1,0,0,0,0,0,0,0,0,0,0,0,no_country_clip2
1331,14,0,0,0,0,0,0,1,0,0,0,0,0,0,0,0,0,0,0,no_country_clip2
1332,14,0,0,0,0,0,0,1,0,0,0,0,0,0,0,0,0,0,0,no_country_clip2
1333,14,0,0,0,0,0,0,1,0,0,0,0,0,0,0,0,0,0,0,no_country_clip2
1334,14,0,0,0,0,0,0,1,0,0,0,0,0,0,0,0,0,0,0,no_country_clip2
1335,14,0,0,0,0,0,0,1,0,0,0,0,0,0,0,0,0,0,0,no_country_clip2
1336,14,0,0,0,0,0,0,1,0,0,0,0,0,0,0,0,0,0,0,no_country_clip2
1337,14,0,0,0,0,0,0,1,0,0,0,0,0,0,0,0,0,0,0,no_country_clip2
1338,14,0,0,0,0,0,0,1,0,0,0,0,0,0,0,0,0,0,0,no_country_clip2
1339,14,0,0,0,0,0,0,1,0,0,0,0,0,0,0,0,0,0,0,no_country_clip2
1340,14,0,0,0,0,0,0,1,0,0,0,0,0,0,0,0,0,0,0,no_country_clip2
1341,14,0,0,0,0,0,0,1,0,0,0,0,0,0,0,0,0,0,0,no_country_clip2
1342,14,0,0,0,0,0,0,1,0,0,0,0,0,0,0,0,0,0,0,no_country_clip2
1343,14,0,0,0,0,0,0,1,0,0,0,0,0,0,0,0,0,0,0,no_country_clip2
1344,14,0,0,0,0,0,0,1,0,0,0,0,0,0,0,0,0,0,0,no_country_clip2
1345,14,0,0,0,0,0,0,1,0,0,0,0,0,0,0,0,0,0,0,no_country_clip2
